id,vendor_id,duration,flex_time,buffer_post,active,sort_order,classification,created,updated
197,37,75,0,0,1,4,1,2011-09-19 11:39:04,2013-06-25 02:36:04
247,42,60,0,0,1,5,1,2011-09-20 12:45:23,2024-05-22 18:34:06
381,51,120,0,90,0,8,1,2011-09-24 17:14:24,2015-09-11 15:21:30
520,68,30,0,15,1,1,1,2011-11-02 16:32:06,2025-12-26 20:53:51
928,202,90,0,15,1,4,1,2012-02-28 15:09:59,2025-10-02 15:08:10
1165,236,60,0,0,1,8,1,2012-04-10 21:21:08,2012-04-10 21:21:08
1320,295,60,0,0,1,11,1,2012-05-29 22:42:06,2012-05-29 22:42:06
1335,298,75,0,0,1,1,1,2012-06-01 11:17:34,2024-02-09 15:23:08
1336,298,60,0,0,1,2,1,2012-06-01 11:17:34,2024-02-09 15:23:47
1554,343,60,0,0,1,2,1,2012-08-08 01:57:26,2013-10-26 00:13:32
1908,461,75,0,0,1,33,1,2012-11-21 16:34:14,2012-11-30 21:14:31
1953,473,90,0,0,1,3,1,2012-12-13 16:34:52,2017-11-14 22:30:51
2214,519,15,0,0,1,9,1,2013-02-26 01:53:31,2013-02-26 02:26:58
2296,546,75,0,0,1,2,1,2013-03-25 16:10:31,2013-03-25 19:51:42
2379,562,120,0,0,1,4,1,2013-04-06 02:14:06,2013-04-06 02:14:06
2565,583,15,0,0,0,0,1,2013-05-13 00:54:58,2013-05-13 00:55:51
2620,608,15,0,0,1,32,1,2013-05-21 03:12:10,2025-03-20 00:33:15
2858,54,75,0,0,0,14,1,2013-06-04 04:16:34,2013-06-16 02:49:09
2947,645,60,0,0,1,3,1,2013-06-22 23:14:24,2013-06-23 00:09:09
3036,661,45,0,0,1,58,1,2013-07-09 02:26:45,2019-10-21 17:58:08
3074,661,30,0,0,1,42,1,2013-07-11 23:54:42,2020-07-21 21:50:23
3342,713,120,0,0,1,5,1,2013-08-16 19:53:31,2024-02-01 22:08:32
3345,54,15,0,0,0,61,1,2013-08-16 22:26:08,2013-12-16 17:27:30
3398,709,45,0,0,1,48,1,2013-08-21 20:03:41,2015-04-15 15:59:11
3526,743,240,0,0,0,12,1,2013-09-09 21:04:37,2014-01-23 17:08:45
3975,486,105,0,0,1,2,1,2013-12-16 19:56:57,2026-02-21 00:13:22
4011,661,45,0,0,1,72,1,2013-12-28 19:56:27,2020-06-19 00:14:53
4121,874,60,0,0,1,2,1,2014-01-10 17:10:18,2014-01-14 16:01:19
4123,874,90,0,0,1,4,1,2014-01-10 17:11:31,2014-01-14 15:59:57
4124,874,30,0,0,1,5,1,2014-01-10 17:12:24,2014-01-14 15:59:38
4360,928,30,0,0,1,1,1,2014-02-06 18:41:31,2014-02-12 21:18:08
4578,967,60,0,30,1,2,1,2014-03-01 04:30:08,2025-12-30 19:16:24
4860,1008,90,0,15,1,9,1,2014-03-31 18:37:26,2021-05-07 19:41:48
4878,940,30,0,0,1,3,1,2014-04-01 22:46:41,2014-04-01 22:46:41
5191,661,15,0,0,0,0,1,2014-05-19 19:20:23,2018-02-14 15:09:40
5313,1085,90,0,0,1,4,1,2014-06-03 19:59:30,2024-07-01 18:40:41
5610,1006,60,0,0,1,6,1,2014-07-18 22:12:59,2014-09-17 19:04:37
5996,1217,60,0,0,1,1,1,2014-08-29 18:42:09,2019-06-13 00:38:27
5998,1217,60,0,0,1,2,1,2014-08-29 19:37:32,2019-06-13 00:38:46
6000,1217,120,0,0,1,5,1,2014-08-30 00:18:30,2019-06-13 00:39:41
6008,1217,150,0,0,1,6,1,2014-08-30 02:30:50,2019-06-13 00:40:20
6536,1317,135,0,0,1,9,1,2014-11-22 02:38:14,2025-03-20 14:26:16
6781,1310,120,0,0,1,4,1,2015-01-02 04:20:05,2022-05-02 02:23:41
6946,768,30,0,15,1,3,1,2015-02-01 01:43:30,2015-04-15 16:40:30
7541,1292,30,0,0,0,4,1,2015-04-09 21:22:28,2025-03-31 04:40:51
7604,661,105,0,0,1,13,1,2015-04-18 18:47:40,2020-09-30 15:14:06
7817,1292,45,0,0,0,6,1,2015-05-06 11:19:07,2025-06-14 18:15:14
7912,1418,45,0,15,1,7,1,2015-05-20 18:20:24,2015-08-14 17:07:32
8368,954,60,0,15,1,19,1,2015-07-09 15:36:02,2026-02-03 17:21:39
8899,1741,60,0,30,1,43,1,2015-08-31 13:37:38,2025-12-16 15:38:49
8942,1742,30,0,0,1,3,1,2015-09-02 11:10:14,2015-09-02 11:10:14
9149,1014,75,0,0,0,0,1,2015-09-22 00:44:59,2015-12-09 22:29:33
9241,1799,10,0,0,1,2,1,2015-10-02 21:11:24,2022-10-13 01:31:42
9298,1802,15,0,0,1,43,1,2015-10-06 00:42:00,2021-04-23 14:01:58
9422,1755,30,0,0,1,6,1,2015-10-16 21:59:10,2015-10-18 19:26:24
9433,1805,30,0,0,1,19,1,2015-10-17 04:02:12,2019-07-31 22:00:16
10471,1396,90,0,15,1,30,1,2016-01-26 20:26:49,2016-09-13 19:25:34
10527,1623,90,0,30,0,0,1,2016-02-04 01:18:58,2016-03-15 00:47:37
10652,1991,60,0,15,0,0,1,2016-02-16 18:25:17,2020-05-28 17:35:33
10763,1292,45,0,0,1,9,1,2016-02-26 19:45:40,2023-11-08 13:41:48
10772,1292,15,0,0,1,18,1,2016-02-26 19:57:14,2016-02-26 19:57:14
10981,2022,15,0,15,0,0,1,2016-03-18 15:42:54,2017-04-19 20:21:26
11547,1075,120,0,0,1,10,1,2016-06-02 16:32:50,2022-07-11 14:59:35
11555,2133,60,0,0,1,1,1,2016-06-03 22:16:12,2025-08-11 06:08:29
12326,2210,60,0,0,1,8,1,2016-09-06 21:17:32,2024-05-15 15:59:21
12331,2210,60,0,0,1,2,1,2016-09-06 21:24:16,2024-05-15 15:59:21
12423,2326,30,0,0,1,1,1,2016-09-15 00:21:37,2022-12-16 22:30:46
12500,2336,720,0,0,1,1,1,2016-09-22 21:40:09,2016-09-22 22:04:44
12612,1683,30,1,0,1,5,1,2016-10-05 21:00:34,2025-07-22 21:18:53
12710,2359,90,0,0,0,0,1,2016-10-17 04:44:29,2018-02-15 06:04:33
12822,661,30,0,0,1,22,1,2016-11-02 17:34:27,2019-10-21 17:58:06
13031,2379,15,0,0,1,4,1,2016-12-01 20:21:04,2018-11-28 18:49:16
13277,2390,90,0,15,1,10,1,2017-01-30 22:51:33,2018-08-02 01:53:29
13349,989,60,0,15,0,0,1,2017-02-12 01:04:48,2019-10-28 21:18:06
13387,2396,30,0,0,1,3,1,2017-03-01 21:27:25,2026-02-13 14:47:59
13563,1885,45,0,0,1,149,1,2017-03-28 17:37:46,2017-03-28 17:37:46
14087,2437,60,0,30,1,3,1,2017-07-21 18:55:58,2021-12-08 19:33:25
14357,1085,60,0,0,1,5,1,2017-10-01 04:14:44,2024-07-01 18:41:02
14374,1292,15,0,0,1,39,1,2017-10-06 12:14:22,2022-09-20 20:31:49
14725,1683,60,1,0,1,3,1,2017-12-22 17:55:59,2025-07-22 21:18:53
14964,1435,120,0,15,1,2,1,2018-03-06 21:26:50,2025-06-18 20:51:02
15191,2496,30,0,0,1,29,15,2018-04-12 16:30:24,2023-08-15 20:38:58
15759,2507,60,0,0,1,2,2,2018-09-04 17:34:36,2024-10-22 15:33:39
15761,2507,60,0,0,1,18,7,2018-09-04 17:35:53,2026-04-01 13:40:54
15763,2507,60,0,0,1,7,11,2018-09-04 17:37:54,2024-10-22 15:34:39
15764,2507,60,0,0,1,8,11,2018-09-04 18:01:05,2024-10-22 15:34:48
15768,2507,60,0,0,1,11,10,2018-09-04 18:03:36,2024-10-22 15:35:20
15779,2510,60,0,0,1,24,7,2018-09-04 20:16:39,2026-04-01 13:32:29
15781,2510,90,0,0,1,7,11,2018-09-04 20:18:38,2024-10-22 15:19:32
15790,2510,45,0,0,1,10,3,2018-09-04 21:01:34,2026-04-01 13:31:03
15796,2511,60,0,0,1,24,7,2018-09-04 17:35:53,2026-04-01 13:08:06
15803,2511,60,0,0,1,11,10,2018-09-04 18:03:36,2025-04-14 22:14:25
15815,2512,60,0,0,1,10,11,2018-09-04 18:01:05,2024-10-22 15:12:24
15820,2512,90,0,0,1,14,10,2018-09-04 18:04:22,2024-10-22 15:13:33
15821,2512,60,0,0,1,3,18,2018-09-04 18:04:57,2024-10-22 15:11:07
15925,2505,60,0,30,1,13,6,2018-09-19 16:53:40,2024-02-12 21:54:17
15998,2357,60,0,30,1,28,2,2018-10-18 13:45:53,2024-11-21 19:51:08
16000,2357,60,0,30,1,13,10,2018-10-18 13:50:28,2024-11-21 19:47:14
16080,2516,60,0,60,1,23,12,2018-10-29 13:57:17,2026-01-08 17:33:18
16146,2519,60,0,0,1,8,2,2018-11-06 21:14:44,2025-07-30 20:29:19
16189,1885,45,0,0,1,728,1,2018-11-12 19:37:00,2018-11-12 19:37:00
16346,1885,45,0,0,1,802,1,2018-12-11 19:08:35,2018-12-11 19:08:35
16402,2521,60,0,0,0,9,11,2018-12-13 19:00:34,2025-08-13 20:52:59
16408,2521,60,0,0,1,13,11,2018-12-13 19:07:05,2025-05-09 16:44:45
16412,2521,90,0,0,0,17,3,2018-12-13 19:10:29,2025-08-13 20:56:42
16443,1184,45,0,0,1,33,1,2018-12-16 08:03:23,2018-12-26 05:34:48
16532,2525,45,0,15,1,16,2,2019-01-24 18:09:24,2025-06-21 04:49:38
16533,2525,60,0,15,1,7,12,2019-01-24 18:11:26,2025-06-21 04:49:38
16555,2524,90,0,0,1,7,18,2019-01-28 19:47:50,2023-06-12 17:07:55
16612,51,30,0,30,0,0,1,2019-02-06 21:49:20,2019-03-25 04:08:10
16632,2523,45,0,15,1,9,15,2019-02-14 16:14:57,2025-06-21 04:46:58
16637,2523,30,0,15,1,2,2,2019-02-15 20:31:01,2025-06-21 04:46:59
16734,2519,60,0,0,1,31,7,2019-03-05 22:04:32,2025-04-04 09:38:09
16833,2525,60,0,15,1,13,11,2019-04-05 21:53:57,2025-06-21 04:49:38
16880,2525,60,0,15,1,9,6,2019-04-25 22:59:52,2025-06-21 04:49:38
16909,2531,60,0,15,1,7,6,2019-05-07 12:43:20,2025-05-05 17:53:53
16919,2536,15,0,30,1,1,1,2019-05-09 14:22:20,2025-07-28 18:02:17
16927,2525,30,1,15,1,8,2,2019-05-10 17:54:48,2025-06-21 04:49:38
16931,2536,30,0,0,1,2,8,2019-05-14 15:56:27,2023-03-28 18:52:08
16934,2536,60,0,0,1,17,8,2019-05-14 15:57:43,2023-03-28 13:44:48
16946,2536,60,0,15,1,8,8,2019-05-14 17:49:55,2023-07-18 16:58:02
16964,2496,60,1,15,1,28,15,2019-05-16 20:47:45,2023-07-31 23:49:13
16969,2531,60,0,15,1,4,11,2019-05-21 17:08:31,2025-06-09 17:03:52
16996,2531,15,0,0,1,5,7,2019-06-10 19:02:00,2025-05-05 17:53:53
17000,2534,60,0,0,1,5,11,2019-06-10 19:52:01,2023-04-25 14:13:31
17002,2534,60,0,0,1,7,6,2019-06-10 20:17:43,2022-08-08 12:31:24
17003,2534,60,0,0,1,8,1,2019-06-10 20:18:44,2022-08-08 12:31:36
17058,2519,60,0,30,1,9,3,2019-06-20 19:45:59,2025-07-30 20:29:25
17197,2357,60,0,30,1,9,15,2019-09-06 16:50:55,2024-12-05 18:33:12
17222,2542,60,0,0,1,12,11,2019-09-13 15:18:33,2024-04-30 22:03:57
17223,2542,60,0,0,1,13,3,2019-09-13 15:19:31,2024-03-22 16:46:08
17226,2542,60,0,0,1,15,10,2019-09-13 15:26:00,2025-02-21 21:52:41
17254,2523,120,0,15,1,22,3,2019-09-20 17:00:55,2025-06-21 04:47:00
17431,2544,45,0,15,1,2,1,2019-10-15 18:16:00,2022-02-09 23:06:11
17452,2542,60,0,0,1,6,3,2019-10-23 20:55:38,2024-03-22 16:50:09
17513,2496,45,0,15,1,20,10,2019-11-21 00:20:41,2023-08-15 20:34:51
17562,2547,60,0,30,1,2,11,2020-01-02 16:04:21,2026-02-11 15:43:57
17565,2547,45,0,15,1,5,10,2020-01-02 16:16:33,2026-02-11 15:51:49
17572,2547,60,0,30,1,12,3,2020-01-02 16:29:12,2026-02-11 15:53:43
17590,2445,30,0,30,1,2,1,2020-01-06 21:34:15,2024-10-31 19:54:11
17591,2445,30,0,30,1,5,1,2020-01-06 21:35:01,2024-10-31 20:05:05
17621,2547,30,0,15,1,18,7,2020-01-16 20:05:21,2026-02-11 15:55:22
17760,2532,45,0,15,1,24,15,2020-03-23 08:11:18,2026-04-23 17:54:53
17761,2532,45,0,15,1,30,10,2020-03-23 08:12:00,2025-11-25 22:26:20
17762,2532,45,0,15,1,23,11,2020-03-23 08:12:55,2025-11-25 22:26:20
17850,2532,45,0,15,1,32,10,2020-05-06 21:43:48,2025-11-25 22:26:20
17877,2532,60,0,0,1,17,2,2020-05-19 19:12:07,2025-11-25 22:26:20
17897,2551,45,0,15,1,5,11,2020-05-28 14:53:37,2022-12-30 21:27:41
17899,2551,45,0,15,1,7,11,2020-05-28 14:53:37,2021-07-06 01:01:27
17900,2551,45,0,15,1,8,12,2020-05-28 14:53:37,2024-08-01 18:09:35
17902,2551,30,0,15,1,10,7,2020-05-28 14:53:38,2021-07-06 01:06:37
17905,2551,45,0,15,1,13,10,2020-05-28 14:53:38,2022-05-20 16:17:07
17937,2554,60,0,15,1,1,12,2020-06-04 14:16:30,2026-03-06 22:12:29
17940,2554,60,0,30,1,5,11,2020-06-04 14:20:40,2026-03-06 22:12:29
17959,2554,30,0,0,1,87,2,2020-06-04 14:52:40,2026-03-26 19:28:40
17963,2554,30,0,0,1,55,1,2020-06-04 14:52:41,2026-03-06 22:12:28
18061,2532,45,0,0,1,20,3,2020-07-13 07:29:26,2025-11-25 22:26:20
18073,2521,60,0,0,1,28,10,2020-07-29 19:10:19,2025-05-09 16:44:58
18105,2562,30,0,0,0,1,1,2020-08-24 15:36:41,2020-09-21 18:24:14
18130,2562,60,0,15,1,9,15,2020-09-02 13:57:29,2026-01-05 16:05:12
18138,1741,60,0,0,1,61,1,2020-09-06 14:58:16,2020-09-06 14:58:16
18190,2357,60,0,30,1,23,1,2020-09-28 13:11:13,2024-11-21 19:50:40
18192,2534,60,0,0,1,9,11,2020-09-28 19:03:46,2023-04-25 14:14:03
18263,2537,90,0,0,1,39,11,2020-11-02 20:27:50,2026-04-27 17:02:08
18295,2567,75,0,15,0,12,11,2020-11-03 17:38:10,2025-09-24 21:24:56
18296,2567,45,0,15,1,13,11,2020-11-03 17:38:10,2025-05-23 22:24:29
18297,2567,45,0,15,1,14,11,2020-11-03 17:38:10,2025-05-23 22:25:50
18301,2567,75,0,15,1,18,10,2020-11-03 17:38:10,2025-05-23 22:37:55
18324,2509,60,0,30,1,48,2,2020-11-11 14:04:10,2026-02-20 18:37:32
18326,2509,30,0,15,1,42,2,2020-11-11 14:05:02,2026-02-23 20:43:28
18331,2509,60,0,30,0,62,11,2020-11-11 14:27:34,2024-04-23 16:13:41
18333,2509,60,0,30,1,59,11,2020-11-11 14:28:59,2026-02-04 14:43:28
18338,2509,30,0,15,1,44,10,2020-11-11 14:31:24,2026-02-23 20:43:33
18339,2509,15,0,15,0,53,6,2020-11-11 14:34:16,2026-04-24 18:47:05
18344,2357,60,0,30,1,1,12,2020-11-12 21:44:21,2024-11-21 19:37:12
18421,2568,90,0,0,1,1,1,2020-11-27 18:47:27,2023-02-15 15:57:04
18448,2567,60,0,15,0,8,4,2020-12-09 19:23:32,2025-08-06 21:18:33
18497,1871,30,0,0,1,158,1,2020-12-24 17:35:31,2021-01-13 15:55:39
18529,2554,45,0,15,1,40,15,2021-01-05 20:01:47,2026-03-06 22:12:29
18591,2556,90,0,30,0,15,10,2021-01-13 16:52:27,2023-10-23 00:00:20
18624,2575,60,0,0,1,2,12,2021-01-21 19:32:28,2023-02-10 23:39:38
18628,2575,30,0,0,1,5,7,2021-01-21 19:32:28,2023-02-10 23:35:01
18633,2575,45,0,0,1,10,10,2021-01-21 19:32:28,2023-02-10 23:36:38
18678,2563,60,0,15,1,5,7,2021-01-26 17:42:25,2023-05-05 18:01:11
18680,2563,60,0,15,1,7,10,2021-01-26 17:42:25,2021-03-01 23:11:00
18692,2563,90,0,15,1,19,15,2021-01-26 17:42:25,2021-04-08 00:58:08
18693,2563,60,0,15,1,20,15,2021-01-26 17:42:25,2021-03-01 23:21:32
18709,2570,45,0,0,0,4,1,2021-01-28 20:07:41,2024-07-11 00:17:39
18733,2573,45,0,15,1,18,11,2021-02-12 16:44:40,2023-05-26 13:58:47
18735,2573,60,0,30,1,20,15,2021-02-12 16:44:40,2024-04-22 20:47:50
18792,2532,45,0,15,1,47,10,2021-03-01 19:04:13,2025-11-25 22:26:20
18824,2573,45,0,45,1,31,1,2021-03-09 22:44:55,2026-04-13 17:23:29
18845,2586,30,0,0,1,8,13,2021-03-24 16:15:14,2021-05-19 15:09:30
18850,2573,15,0,0,1,30,7,2021-03-30 17:59:50,2023-05-26 14:06:49
18856,2554,60,0,30,1,8,1,2021-04-06 11:37:41,2026-03-06 22:12:29
18864,2585,60,0,0,1,9,11,2021-04-07 13:53:01,2026-05-06 02:29:12
18872,2585,60,0,0,1,1,1,2021-04-07 18:18:54,2026-05-06 02:30:11
18873,2585,60,0,0,1,10,1,2021-04-07 18:18:54,2026-04-29 17:08:59
18989,2591,60,0,30,1,9,1,2021-05-31 19:31:03,2024-09-12 14:49:53
19023,2563,90,0,15,1,41,12,2021-06-04 12:19:00,2021-06-23 16:55:57
19050,2593,60,0,0,1,2,2,2021-06-18 06:38:30,2023-05-26 20:16:53
19051,2593,30,0,0,1,3,2,2021-06-18 06:38:30,2021-11-25 22:23:27
19052,2593,60,0,0,1,4,2,2021-06-18 06:38:30,2021-11-25 22:23:54
19053,2593,45,0,15,1,6,18,2021-06-18 06:38:30,2022-02-24 14:40:43
19055,2593,60,0,0,1,5,10,2021-06-18 06:38:30,2024-10-04 15:42:52
19056,2593,60,0,30,1,8,15,2021-06-18 06:38:30,2021-07-20 20:05:19
19195,2510,90,0,0,1,13,3,2021-08-11 03:41:21,2026-04-27 14:50:34
19199,2507,90,0,0,1,21,3,2021-08-11 03:56:53,2026-04-27 14:47:40
19230,1741,45,0,15,1,96,1,2021-08-31 19:03:48,2021-08-31 19:05:16
19233,1741,30,0,0,1,99,1,2021-08-31 19:07:00,2021-08-31 19:07:00
19237,1741,180,0,0,1,103,1,2021-08-31 19:09:18,2021-08-31 19:09:18
19290,2596,60,0,0,1,28,3,2021-09-10 18:04:14,2024-06-21 17:47:45
19291,2596,60,0,0,1,29,2,2021-09-10 18:04:14,2025-05-12 18:28:56
19303,2596,60,0,0,1,7,10,2021-09-10 18:04:14,2024-12-11 20:21:08
19310,2596,60,0,0,1,13,15,2021-09-10 18:04:15,2024-06-21 17:49:19
19318,2596,30,0,0,1,21,2,2021-09-10 18:04:15,2022-12-14 17:45:02
19320,2596,30,0,0,1,20,7,2021-09-10 18:04:15,2022-12-14 17:45:17
19332,2597,60,0,30,1,14,6,2021-09-13 23:20:56,2023-11-01 16:06:41
19338,2597,60,0,30,1,6,15,2021-09-13 23:20:56,2022-02-01 15:15:51
72,24,75,0,0,1,1,1,2011-09-05 03:11:38,2023-01-21 05:37:52
296,48,30,0,0,1,1,1,2011-09-21 12:44:52,2022-09-12 18:40:22
796,139,105,0,0,1,6,1,2012-01-21 07:09:51,2012-01-21 07:09:51
798,135,60,0,15,1,14,1,2012-01-21 07:52:46,2025-02-27 23:04:41
842,119,60,0,15,0,0,1,2012-01-30 09:33:11,2016-01-25 13:37:52
1337,298,45,0,0,1,3,1,2012-06-01 11:17:34,2024-02-09 15:24:02
1624,377,90,0,0,1,3,1,2012-08-27 16:46:41,2025-01-02 23:24:47
1951,473,60,0,0,1,1,1,2012-12-13 16:34:52,2023-03-27 13:07:28
2486,583,15,0,0,0,0,1,2013-04-29 19:35:12,2013-04-29 22:44:21
2602,608,90,0,0,1,20,1,2013-05-21 03:12:10,2025-03-20 00:21:12
2604,608,15,0,0,1,29,1,2013-05-21 03:12:10,2025-03-20 00:28:15
2616,608,90,0,0,1,9,1,2013-05-21 03:12:10,2026-03-09 21:33:26
2631,608,30,0,0,1,45,1,2013-05-21 03:12:10,2025-03-20 00:27:34
3328,713,90,0,0,1,3,1,2013-08-13 17:33:29,2024-02-01 22:08:12
3366,576,60,0,0,1,5,1,2013-08-19 21:34:06,2025-07-17 14:53:19
3495,742,30,0,0,1,1,1,2013-09-05 01:33:38,2013-09-05 01:33:38
4331,923,60,0,20,1,2,1,2014-02-04 20:47:54,2025-01-06 21:53:46
4419,940,60,0,0,1,1,1,2014-02-12 16:54:24,2014-02-12 17:03:17
4420,940,60,0,0,1,2,1,2014-02-12 17:04:56,2014-02-12 17:04:56
4426,51,90,0,30,1,3,1,2014-02-12 22:35:25,2025-11-10 20:05:14
4461,928,30,0,0,1,7,1,2014-02-14 15:52:59,2021-02-17 16:34:04
4747,995,30,0,0,1,64,1,2014-03-19 05:19:40,2014-08-12 15:08:24
4846,1008,60,0,15,1,8,1,2014-03-31 16:16:15,2021-05-07 19:41:32
4861,1008,45,0,15,1,7,1,2014-03-31 18:39:33,2021-05-07 19:41:12
4863,1008,45,0,15,1,11,1,2014-03-31 19:29:36,2018-10-22 18:56:57
5419,1112,90,0,15,1,2,1,2014-06-18 05:20:48,2017-08-24 16:08:47
5515,928,30,0,0,1,16,1,2014-07-03 20:05:52,2014-07-03 20:06:49
5531,1111,90,0,15,1,22,1,2014-07-04 17:14:51,2014-07-04 17:14:51
5636,1159,30,0,90,1,1,1,2014-07-24 00:25:54,2014-07-24 01:31:34
6004,1217,15,0,0,1,13,1,2014-08-30 00:32:11,2021-08-11 03:31:01
6391,1292,45,0,0,1,1,1,2014-10-22 21:40:05,2018-09-20 16:34:17
6472,1310,60,0,0,1,1,1,2014-11-10 23:02:43,2022-05-02 02:22:26
6477,1310,150,0,0,1,10,1,2014-11-10 23:17:59,2022-05-02 02:25:46
6627,1339,30,0,30,0,2,1,2014-12-08 19:04:16,2014-12-16 18:48:25
6637,1341,30,0,30,0,0,1,2014-12-08 19:17:27,2014-12-18 15:01:12
6869,1380,240,0,0,1,1,1,2015-01-12 20:03:26,2018-08-28 16:44:09
7354,1455,60,0,0,1,1,1,2015-03-17 17:13:31,2023-05-18 04:22:23
7407,1292,45,0,0,0,2,1,2015-03-24 23:09:20,2025-06-14 18:14:47
7523,1478,60,0,0,1,5,1,2015-04-06 20:56:46,2022-03-16 22:29:34
8097,1592,60,0,60,1,21,1,2015-06-08 20:48:02,2026-04-30 23:29:27
8245,1621,90,0,30,1,5,1,2015-06-26 18:17:37,2020-09-17 18:40:14
8367,954,30,0,15,1,16,1,2015-07-09 15:34:55,2026-02-03 17:21:39
8369,954,90,0,15,1,20,1,2015-07-09 15:37:12,2026-02-03 17:21:39
8420,1654,30,0,0,1,1,1,2015-07-13 21:31:46,2015-07-13 21:31:46
8917,1741,150,0,15,1,54,1,2015-08-31 20:43:52,2023-05-05 12:06:44
9044,1757,30,0,0,1,1,1,2015-09-08 17:09:04,2015-09-08 17:09:04
9153,861,30,0,0,0,0,1,2015-09-23 18:27:09,2015-09-23 18:28:36
9171,1779,30,0,0,1,4,1,2015-09-25 16:22:51,2015-09-25 16:22:51
9254,1802,60,0,0,1,18,1,2015-10-05 16:14:13,2023-01-19 23:42:16
9294,1802,30,0,0,1,27,1,2015-10-06 00:39:21,2021-04-23 14:02:20
9363,608,15,0,0,0,0,1,2015-10-08 16:40:05,2017-06-13 20:13:20
9674,23,60,0,15,1,32,1,2015-11-13 14:32:11,2020-10-21 19:18:55
10303,1946,60,0,30,1,3,1,2016-01-18 17:30:51,2016-08-15 17:11:52
10561,760,60,0,0,1,9,1,2016-02-08 20:13:18,2021-02-01 22:19:04
10621,1990,10,0,5,0,0,1,2016-02-16 15:32:45,2016-02-16 19:21:12
11122,2053,60,0,0,1,1,1,2016-04-06 06:23:07,2016-05-19 00:29:08
11226,2075,60,0,0,1,4,1,2016-04-19 04:09:23,2016-04-19 04:09:23
11540,2130,20,0,0,1,1,1,2016-06-01 21:23:26,2025-01-10 13:47:56
12350,756,15,0,0,0,0,1,2016-09-08 20:22:27,2016-09-27 21:32:23
12465,2330,30,0,0,1,1,1,2016-09-20 06:36:10,2016-09-20 06:36:10
12503,2210,60,0,0,1,20,1,2016-09-23 15:53:00,2024-05-15 15:59:21
12553,2345,30,0,0,1,1,1,2016-09-30 18:16:28,2017-08-10 13:42:03
12555,2345,30,0,0,1,2,1,2016-09-30 18:17:31,2020-04-22 20:48:26
12576,2333,60,0,15,0,0,1,2016-10-03 18:14:57,2016-10-03 18:31:21
12581,661,75,0,0,1,68,1,2016-10-04 20:03:35,2024-04-30 15:39:49
12617,1683,45,1,0,1,4,1,2016-10-05 21:10:59,2025-07-22 21:18:53
12622,1683,60,0,0,0,30,1,2016-10-05 21:16:18,2018-02-22 20:34:44
12867,2340,90,0,0,0,5,1,2016-11-10 16:47:57,2017-06-01 13:39:52
13016,2379,30,0,0,1,8,1,2016-11-30 19:42:25,2018-11-28 18:49:16
13034,2379,15,0,0,1,5,1,2016-12-01 20:21:39,2018-11-28 18:49:16
13138,1292,60,0,0,1,22,1,2017-01-02 14:10:53,2018-09-20 16:33:31
13843,661,75,0,0,1,77,1,2017-05-16 00:53:26,2024-04-30 15:39:00
13868,923,90,0,20,1,11,1,2017-05-19 21:15:01,2025-01-06 21:55:12
14165,1991,45,0,30,1,35,1,2017-08-02 19:04:27,2021-03-19 15:17:01
14866,2481,60,0,0,1,1,1,2018-02-09 00:46:25,2022-01-11 15:51:35
14895,661,75,0,0,1,67,1,2018-02-13 19:38:03,2019-10-21 17:58:08
14972,2483,120,0,30,1,1,1,2018-03-08 22:31:20,2025-02-19 17:34:56
15202,1429,30,0,0,1,2,1,2018-04-16 22:40:11,2022-02-07 15:44:33
15387,1885,60,0,0,1,584,1,2018-06-18 18:43:27,2018-06-18 18:43:27
15414,1885,60,0,0,1,601,1,2018-06-20 18:11:50,2018-06-20 18:11:50
15758,2507,90,0,0,1,19,3,2018-09-04 17:32:36,2026-04-27 14:46:51
15769,2507,90,0,0,1,12,10,2018-09-04 18:04:22,2024-10-22 15:35:29
15770,2507,60,0,0,1,3,18,2018-09-04 18:04:57,2024-10-22 15:33:47
15776,2510,90,0,0,1,11,3,2018-09-04 20:14:08,2026-04-27 14:50:05
15777,2510,60,0,0,1,2,2,2018-09-04 20:14:47,2024-10-22 15:18:34
15780,2510,90,0,0,1,4,15,2018-09-04 20:17:46,2024-10-22 15:18:53
15789,2510,60,0,0,1,3,18,2018-09-04 20:58:53,2024-10-22 15:18:42
15808,2512,90,0,0,1,1,2,2018-09-04 17:31:17,2026-04-01 13:20:20
15814,2512,60,0,0,1,9,11,2018-09-04 17:37:54,2024-10-22 15:12:14
15879,2503,60,0,0,1,5,11,2018-09-12 16:42:49,2023-11-20 20:58:56
15881,2503,60,0,30,1,8,10,2018-09-12 16:46:12,2025-10-03 17:44:38
15886,2503,60,0,30,1,12,10,2018-09-12 16:53:21,2023-11-20 20:23:36
15892,1375,270,0,0,1,2,1,2018-09-16 22:08:43,2025-07-07 19:58:50
15929,2505,30,0,15,1,7,8,2018-09-19 16:57:43,2020-05-14 17:06:47
16099,661,45,0,0,1,27,1,2018-11-01 19:02:11,2020-06-11 16:49:10
16143,2519,60,0,0,1,15,15,2018-11-06 20:26:02,2025-07-30 20:30:06
16330,2101,45,0,15,1,7,1,2018-12-04 23:00:52,2026-04-02 14:43:53
16331,2101,60,0,15,1,8,1,2018-12-04 23:04:09,2026-04-02 14:43:53
16409,2521,90,0,0,1,14,10,2018-12-13 19:07:32,2025-05-09 16:45:16
16556,2524,60,0,0,1,8,10,2019-01-28 19:48:37,2023-06-12 17:08:01
16568,2519,60,0,0,1,16,11,2019-01-31 02:39:59,2025-07-30 20:30:12
16578,2524,90,0,0,1,10,11,2019-01-31 15:50:38,2024-05-13 16:28:27
16580,2524,30,0,0,1,12,11,2019-01-31 15:52:23,2024-05-13 16:28:51
16589,2275,90,0,0,1,66,1,2019-01-31 21:02:34,2019-01-31 21:02:34
16595,2521,60,0,0,1,12,15,2019-02-01 19:52:54,2025-11-04 20:10:31
16608,2521,90,0,0,0,13,1,2019-02-05 17:04:48,2020-10-29 15:18:44
16649,2523,45,0,15,1,13,11,2019-02-15 20:44:49,2025-06-21 04:46:59
16654,2523,60,0,30,1,23,3,2019-02-15 20:48:14,2025-06-21 04:46:59
16655,2523,60,0,30,1,25,11,2019-02-15 20:50:54,2025-06-21 04:46:59
16687,2529,120,0,30,1,1,1,2019-02-26 18:44:48,2025-09-05 21:11:54
16737,2519,60,0,0,1,30,18,2019-03-05 22:06:01,2025-07-30 20:31:47
16850,435,30,0,0,1,28,1,2019-04-11 23:15:46,2022-04-01 13:55:46
16873,2532,45,0,15,1,7,3,2019-04-22 17:46:03,2025-11-25 22:26:20
16881,2525,60,0,15,1,12,11,2019-04-25 23:07:23,2025-06-21 04:49:38
16913,2531,90,0,15,1,11,10,2019-05-07 12:45:48,2026-04-20 17:50:07
16914,2531,60,0,15,1,12,10,2019-05-07 12:46:13,2026-04-20 17:50:20
16915,2531,60,0,15,1,13,3,2019-05-07 12:47:01,2026-04-20 17:50:35
16924,2525,60,0,15,1,15,11,2019-05-10 16:59:19,2025-06-21 04:49:38
16958,2536,60,0,15,1,15,8,2019-05-14 18:21:47,2025-07-28 18:02:17
16974,1440,30,0,15,0,0,1,2019-05-22 12:27:13,2019-10-17 13:06:21
16998,2534,60,0,30,1,3,15,2019-06-10 19:44:27,2024-11-12 20:29:45
17016,2531,60,0,15,1,6,18,2019-06-18 13:37:40,2026-04-20 17:49:03
17195,2525,60,0,15,1,4,2,2019-09-05 22:17:22,2025-06-27 17:13:04
17216,2542,60,0,0,1,2,2,2019-09-13 15:10:25,2025-01-21 17:04:16
17218,2542,60,0,0,1,5,4,2019-09-13 15:12:55,2025-01-21 17:05:17
17220,2542,60,0,0,1,8,15,2019-09-13 15:16:36,2024-03-22 16:46:08
17224,2542,60,0,0,1,14,11,2019-09-13 15:20:16,2024-03-22 16:46:08
17277,2524,30,0,0,1,18,1,2019-10-02 20:29:00,2023-06-12 15:15:35
17464,2544,45,0,15,1,1,1,2019-10-29 14:55:06,2021-05-06 15:01:13
17501,435,30,0,0,1,2,1,2019-11-18 14:47:38,2025-05-13 21:56:26
17561,2547,60,0,30,1,1,2,2020-01-02 16:02:14,2026-02-11 15:43:44
17567,2547,30,0,30,1,7,11,2020-01-02 16:20:49,2026-02-11 15:52:17
17574,2547,60,0,30,1,14,2,2020-01-02 17:11:59,2026-02-11 15:54:30
17660,1880,120,0,0,0,0,1,2020-01-29 17:20:10,2023-05-24 14:03:32
17669,2524,30,0,15,1,19,14,2020-02-04 17:44:13,2023-06-12 15:15:40
17695,2546,90,0,30,1,8,6,2020-02-13 14:32:28,2025-05-23 18:25:05
17697,2546,90,1,30,1,20,7,2020-02-13 14:46:05,2025-06-11 18:30:48
17698,2546,90,1,30,1,21,7,2020-02-13 14:48:18,2025-06-11 18:30:48
17699,2546,90,0,30,1,6,10,2020-02-13 14:50:17,2025-05-23 19:07:43
17789,2496,30,0,0,1,1,7,2020-04-06 19:54:57,2026-04-07 22:20:59
17851,2532,45,0,30,1,33,10,2020-05-06 21:44:52,2025-11-25 22:26:20
17939,2554,60,0,15,1,4,6,2020-06-04 14:20:39,2026-03-06 22:12:29
17948,2554,60,0,30,1,12,10,2020-06-04 14:20:42,2026-03-06 22:12:29
17949,2554,60,0,30,1,13,10,2020-06-04 14:20:42,2026-03-06 22:12:29
19379,2598,15,0,0,1,1,2,2021-10-04 14:56:02,2023-07-13 20:20:09
19384,2570,240,1,0,1,10,1,2021-10-06 21:51:27,2025-11-26 23:49:10
19406,2552,30,0,15,1,19,2,2021-10-16 01:26:02,2022-09-16 12:05:44
19407,2552,15,0,15,1,20,1,2021-10-16 01:26:02,2022-09-16 12:05:44
19410,2552,30,0,15,1,23,1,2021-10-16 01:26:02,2022-09-16 12:05:44
19427,2596,60,0,0,1,19,15,2021-10-27 14:40:07,2024-06-21 17:49:20
19438,2524,60,0,0,1,22,3,2021-11-05 16:36:33,2023-06-12 15:15:59
19439,2133,30,0,0,0,56,1,2021-11-08 12:28:02,2025-08-11 06:53:49
19449,2600,60,0,0,1,2,14,2021-11-13 02:46:03,2024-11-13 18:40:31
19477,2597,60,0,30,1,15,6,2021-12-07 13:52:51,2022-02-01 15:22:32
19502,2585,30,0,0,1,23,7,2022-01-04 19:51:10,2026-05-06 02:28:49
19507,2524,30,0,15,1,23,2,2022-01-12 15:12:40,2025-07-31 17:21:11
19513,2602,30,0,60,1,2,8,2022-01-19 15:50:08,2022-07-05 21:09:46
19530,2496,60,0,15,1,30,11,2022-01-24 17:04:33,2025-01-16 18:27:18
19555,2536,60,0,0,1,14,1,2022-02-11 21:48:10,2023-03-28 13:51:56
19565,135,90,0,15,1,30,1,2022-02-21 22:27:10,2025-02-27 23:10:14
19589,2532,45,0,15,0,65,15,2022-03-09 21:20:19,2025-11-25 22:26:20
19623,2604,15,0,0,1,5,1,2022-03-29 18:32:42,2024-11-05 21:04:42
19629,2604,60,0,0,1,11,1,2022-03-29 19:09:14,2025-08-19 12:38:37
19676,2607,15,0,15,1,3,12,2022-04-19 07:36:31,2026-04-30 14:48:17
19677,2607,60,0,30,1,12,10,2022-04-19 07:36:31,2026-04-30 14:47:37
19678,2607,60,0,30,1,10,10,2022-04-19 07:36:31,2026-04-30 14:47:37
19686,2607,60,0,30,1,7,6,2022-04-19 07:36:32,2026-04-30 14:47:37
19709,2532,15,0,15,1,82,10,2022-04-21 21:53:22,2025-11-25 22:26:20
19720,2537,60,0,0,1,62,6,2022-05-05 21:02:51,2026-04-08 17:52:27
19793,2608,60,0,30,1,17,10,2022-06-09 21:21:41,2025-07-31 22:44:48
19794,2430,30,0,15,0,28,1,2022-06-10 20:21:42,2023-07-20 20:35:31
19804,2554,30,0,15,1,29,13,2022-06-16 15:39:37,2026-03-06 22:12:28
19810,2532,45,0,15,1,84,15,2022-06-21 15:45:51,2026-04-23 17:55:21
19824,2611,30,1,0,1,2,1,2022-06-28 17:30:18,2023-01-19 21:53:07
19831,510,60,0,0,1,2,1,2022-07-04 20:48:48,2025-11-04 20:58:48
19849,2591,30,0,30,1,8,2,2022-07-18 13:16:08,2024-09-12 14:49:34
19852,2592,30,0,30,1,7,2,2022-07-18 13:27:03,2024-09-12 15:02:17
19874,2573,600,0,0,0,75,1,2022-08-12 19:37:43,2023-09-05 16:47:58
19890,2546,60,0,30,1,32,1,2022-09-08 14:23:14,2025-06-11 18:30:40
19911,2619,180,0,0,0,22,1,2022-09-08 19:09:16,2023-11-27 17:29:23
19963,2593,90,0,30,1,26,10,2022-09-21 13:34:06,2023-02-15 22:24:51
19974,2608,60,0,30,1,8,8,2022-09-28 23:13:59,2026-05-06 15:59:44
20028,2622,75,0,30,1,3,2,2022-10-24 16:03:57,2023-06-12 19:52:10
20054,661,75,0,15,1,106,1,2022-10-25 21:29:31,2023-11-02 19:37:18
20062,2573,60,0,15,1,88,10,2022-11-05 15:32:40,2025-05-08 21:01:31
20070,2620,60,0,30,1,4,11,2022-11-07 15:35:13,2025-01-17 23:48:19
20082,2133,15,0,0,1,52,1,2022-11-11 21:23:14,2025-08-11 06:53:49
20092,2468,30,0,10,1,23,7,2022-11-22 16:46:41,2023-12-18 17:30:16
20111,2525,30,0,15,0,32,10,2022-12-21 17:16:35,2023-12-06 23:26:52
20113,954,60,0,15,0,5,1,2023-01-03 00:25:22,2025-01-17 13:19:31
20129,2620,45,0,15,1,16,10,2023-01-27 01:12:01,2024-07-10 16:42:40
20141,2536,15,0,30,1,19,1,2023-02-02 13:58:32,2024-05-10 17:47:39
20143,2551,45,0,0,1,43,10,2023-02-02 22:33:54,2023-02-03 18:08:14
20187,2560,240,0,60,1,4,1,2023-02-25 23:46:48,2023-02-26 21:20:26
20192,2625,60,0,30,1,4,11,2023-02-28 18:37:39,2023-09-15 13:59:44
20193,2625,60,0,30,1,6,11,2023-02-28 18:37:39,2023-09-15 13:59:58
20195,2625,60,0,30,1,8,11,2023-02-28 18:37:39,2023-09-15 14:00:21
20202,2625,60,0,30,1,15,2,2023-02-28 18:37:39,2023-09-15 14:01:32
20210,1514,60,0,0,1,15,1,2023-03-01 18:39:47,2023-12-02 17:43:09
20217,2357,60,0,30,1,38,10,2023-03-08 20:46:27,2024-04-17 18:56:35
20218,2357,15,0,30,1,39,10,2023-03-08 20:48:38,2026-02-12 19:49:17
20225,2623,90,0,0,1,1,1,2023-03-13 21:04:35,2023-06-22 23:12:53
20238,2623,60,0,0,1,18,1,2023-03-13 21:04:36,2024-08-02 15:55:59
20245,2623,60,0,15,1,25,1,2023-03-13 21:04:36,2023-11-06 15:57:40
20262,2623,30,0,15,1,46,1,2023-03-13 21:04:37,2023-05-03 21:24:50
20283,2623,60,0,30,1,67,1,2023-03-13 21:04:39,2023-05-04 19:29:18
20284,2623,90,0,15,1,68,1,2023-03-13 21:04:39,2026-04-09 19:04:15
20319,2604,15,0,0,1,15,1,2023-03-16 14:29:10,2024-10-30 18:59:38
20336,2536,15,0,0,1,27,1,2023-03-28 13:36:16,2023-05-12 20:16:40
20338,2536,30,0,0,1,29,8,2023-03-28 13:37:44,2024-10-18 17:04:53
20339,2536,30,0,0,1,30,8,2023-03-28 13:38:23,2023-03-28 13:38:23
20342,2536,60,0,15,1,33,8,2023-03-28 13:40:51,2024-05-10 18:31:00
20352,1741,120,0,15,1,112,1,2023-03-29 13:43:45,2025-12-16 15:41:45
20373,2546,60,0,30,1,3,6,2023-04-10 13:34:58,2025-06-16 14:08:53
20375,2519,60,0,0,0,34,1,2023-04-12 16:42:47,2023-09-15 19:18:21
20377,2525,15,0,15,0,33,1,2023-04-12 21:23:45,2023-05-25 18:42:38
20387,2627,30,0,30,1,1,5,2023-04-21 13:45:23,2023-07-21 21:22:30
20389,2627,60,0,30,1,3,5,2023-04-21 13:45:24,2023-07-21 21:22:50
20391,2627,30,0,15,1,5,5,2023-04-21 13:45:24,2023-07-21 21:23:30
20393,2627,60,0,15,1,7,5,2023-04-21 13:45:24,2023-07-21 21:23:51
20408,2623,90,0,0,1,86,1,2023-04-24 14:44:02,2023-05-03 21:18:20
20426,2623,30,0,0,1,84,1,2023-04-28 14:38:26,2023-05-03 21:18:20
20443,2601,60,0,15,1,34,2,2023-05-05 19:31:55,2023-06-19 17:55:25
20461,2624,60,0,0,1,6,15,2023-05-29 14:38:51,2026-03-13 02:42:11
20463,2624,30,0,0,1,10,11,2023-05-29 14:38:51,2026-03-13 02:42:12
20476,2624,30,0,0,1,28,11,2023-05-29 14:38:51,2026-03-13 02:42:17
20491,2608,60,0,30,1,22,10,2023-06-08 13:30:50,2025-10-21 18:53:59
20496,2430,45,0,0,1,36,1,2023-06-14 22:05:14,2024-02-29 21:06:29
20505,2604,15,0,0,1,16,1,2023-06-19 18:15:35,2023-07-31 13:38:37
20535,2629,60,0,0,1,3,18,2023-07-29 23:20:53,2025-08-20 13:37:10
20570,2430,30,0,15,1,37,1,2023-08-10 16:34:05,2025-03-26 17:43:31
20572,2509,60,0,30,1,36,3,2023-08-10 20:46:47,2026-02-27 20:48:58
20578,2509,30,0,15,1,46,3,2023-08-11 19:06:35,2026-02-27 20:49:00
20620,2630,60,0,0,1,3,7,2023-08-29 21:44:11,2023-09-22 21:32:41
20621,2630,60,0,0,1,4,2,2023-08-29 21:44:11,2023-10-26 19:36:12
20638,2630,60,0,30,1,22,3,2023-08-29 21:44:12,2024-09-13 18:09:32
20639,2630,90,0,30,1,23,15,2023-08-29 21:44:12,2024-09-13 18:09:32
20649,2631,30,0,0,1,8,7,2023-08-31 15:09:12,2025-04-30 20:44:27
20650,2631,45,0,0,1,7,7,2023-08-31 15:09:12,2025-04-30 20:45:03
20656,2631,45,0,0,1,6,7,2023-08-31 15:09:13,2025-04-30 20:44:00
20660,2631,60,0,0,1,23,11,2023-08-31 15:09:13,2026-01-05 15:39:03
20661,2631,90,0,0,1,29,11,2023-08-31 15:09:13,2026-01-05 15:41:23
20686,2623,420,0,0,1,110,1,2023-09-05 14:35:00,2023-12-18 19:02:48
20695,2632,60,0,0,1,7,11,2023-09-07 01:14:13,2025-04-07 23:05:35
20699,2632,60,0,0,1,10,15,2023-09-07 01:14:13,2025-04-07 23:05:35
20710,2632,60,0,0,1,26,2,2023-09-07 01:14:13,2025-04-07 23:05:35
20717,2608,45,0,15,1,25,6,2023-09-13 21:02:32,2025-10-21 18:53:59
20721,2532,60,0,30,1,97,3,2023-09-14 16:57:24,2025-11-25 22:26:20
20723,2532,45,0,15,1,99,3,2023-09-14 17:32:09,2025-11-25 22:26:20
20743,2516,60,0,60,1,69,5,2023-09-27 12:27:00,2026-01-08 17:38:44
20745,2600,60,0,0,1,4,1,2023-09-27 19:54:40,2023-11-06 14:27:16
20756,2532,45,0,15,1,101,11,2023-09-28 23:04:59,2025-11-25 22:26:20
20757,435,30,0,0,1,74,1,2023-10-03 15:09:21,2023-10-03 15:09:21
20766,2556,45,0,30,1,48,10,2023-10-11 18:36:17,2025-06-21 04:54:19
20802,2633,20,0,0,1,2,1,2023-11-02 18:23:03,2024-02-06 17:17:03
20844,2631,90,0,0,0,33,7,2023-11-23 17:52:46,2025-11-17 17:13:11
20870,2624,60,0,0,1,40,1,2023-12-08 02:53:04,2026-01-25 02:01:38
20889,2634,60,0,30,1,19,1,2023-12-12 17:00:14,2024-02-15 17:39:36
20895,2468,30,0,10,1,26,1,2023-12-12 20:59:43,2023-12-15 18:32:06
20899,2624,60,0,0,1,42,1,2023-12-18 15:02:43,2026-03-13 02:42:20
20906,2632,60,0,0,1,4,11,2023-12-20 15:44:39,2025-04-07 23:05:35
20919,2624,30,0,0,1,20,1,2024-01-15 13:32:51,2026-03-13 02:42:21
20938,2534,15,0,0,1,17,1,2024-01-23 18:43:44,2024-02-13 15:28:20
20940,2512,60,0,0,1,21,3,2024-01-23 19:44:48,2026-04-27 14:49:32
20942,2507,60,0,0,1,20,3,2024-01-23 20:08:00,2026-04-27 14:47:24
20966,2638,30,0,0,1,12,2,2024-02-09 17:39:58,2024-12-16 23:43:39
21003,2562,15,0,0,1,15,1,2024-02-28 15:00:03,2026-01-05 16:05:12
21005,2562,15,0,0,1,17,1,2024-02-28 15:12:44,2026-01-05 16:05:12
21007,2562,15,0,0,1,19,1,2024-02-28 15:15:06,2026-01-05 16:05:12
21009,2532,45,0,15,1,109,1,2024-02-29 18:42:36,2026-01-06 17:42:57
21015,2639,45,0,15,1,2,1,2024-03-04 06:59:29,2026-02-10 02:16:35
21019,2639,45,0,15,1,22,1,2024-03-04 06:59:30,2026-03-02 19:58:34
21021,2639,45,0,15,1,6,1,2024-03-04 06:59:30,2026-03-02 19:44:25
21029,2639,45,0,15,1,12,1,2024-03-04 06:59:30,2026-03-02 19:46:24
21039,2509,60,0,30,1,56,11,2024-03-12 12:57:13,2026-02-04 14:43:28
21044,2639,45,0,15,1,31,1,2024-03-12 21:47:33,2026-03-02 19:58:34
21072,2532,30,0,15,1,110,1,2024-04-15 15:34:09,2025-11-25 22:26:20
21157,747,30,0,0,1,13,1,2024-05-21 21:04:24,2024-06-20 17:13:45
21188,2519,60,0,0,1,37,1,2024-06-25 16:18:42,2025-04-04 09:38:09
21236,2510,90,0,0,1,6,15,2024-07-30 16:08:19,2024-10-22 15:19:17
21279,2396,30,0,0,1,21,1,2024-09-11 21:21:52,2025-05-09 15:06:47
21281,2507,90,0,0,1,30,10,2024-09-12 18:11:46,2025-03-18 15:22:47
21288,2512,90,0,0,1,26,3,2024-09-12 18:34:54,2026-04-01 13:19:54
21290,2510,90,0,0,1,32,10,2024-09-12 18:40:57,2025-03-18 15:22:52
21302,2608,45,0,15,0,30,10,2024-09-19 21:26:09,2025-10-21 18:53:59
21349,2643,45,0,15,1,30,1,2024-10-02 20:28:04,2025-06-02 23:02:25
21389,2552,30,0,0,1,53,1,2024-10-24 13:42:32,2024-11-20 18:21:18
21400,2525,60,0,30,1,36,10,2024-11-04 19:08:56,2025-06-21 04:49:39
21415,2430,45,0,0,1,40,1,2024-11-07 18:20:51,2024-12-18 17:42:34
21429,2521,90,0,0,1,32,10,2024-11-25 18:46:49,2026-05-05 21:04:53
21450,2648,60,0,15,1,9,1,2024-12-17 14:43:16,2025-04-02 18:38:07
21456,2521,90,0,0,1,35,1,2024-12-19 21:49:34,2026-02-26 15:10:38
21457,2521,60,0,0,1,36,1,2024-12-19 21:51:56,2026-02-26 15:10:38
21460,2521,60,0,0,1,39,1,2024-12-19 22:01:40,2026-02-26 15:10:38
21467,2521,60,0,0,1,46,1,2024-12-19 22:14:14,2026-02-26 15:10:38
21471,2521,60,0,0,1,48,1,2024-12-20 14:00:11,2026-02-26 15:10:38
21483,2521,60,0,0,1,59,1,2024-12-20 14:18:36,2026-02-26 15:10:38
21518,1249,45,0,0,0,2,1,2025-01-14 22:45:51,2025-02-19 22:50:14
21526,2624,60,0,30,1,48,11,2025-01-15 02:45:34,2026-05-05 02:07:02
21545,2532,45,0,15,1,2,1,2025-01-28 19:25:50,2025-11-25 22:26:20
21598,2650,60,0,0,1,2,1,2025-03-14 16:24:20,2025-06-26 21:56:17
21600,2650,30,0,0,1,4,1,2025-03-14 16:24:21,2025-10-21 17:10:51
21608,2650,90,0,0,1,12,1,2025-03-14 16:24:21,2025-06-26 21:58:37
21610,2650,60,0,0,1,14,1,2025-03-14 16:24:21,2025-06-26 21:58:55
21647,1741,30,0,0,1,119,1,2025-03-18 00:29:26,2025-03-18 00:29:26
21648,2589,45,0,0,1,55,1,2025-03-19 14:42:53,2025-11-24 22:41:46
21652,2597,60,0,30,1,39,1,2025-03-20 19:03:26,2025-03-20 19:03:26
21689,2532,45,0,15,1,123,1,2025-04-11 19:37:20,2025-11-25 22:26:20
21696,2496,45,0,15,1,32,11,2025-04-15 20:55:19,2025-09-16 18:25:32
21728,2608,60,0,30,1,40,1,2025-05-08 16:51:36,2025-10-21 18:53:59
21760,2645,120,0,0,1,6,1,2025-05-28 16:36:25,2025-08-19 18:24:12
21811,2651,60,0,30,1,7,2,2025-06-16 17:16:23,2025-07-30 17:37:20
21812,2651,60,0,30,1,8,11,2025-06-16 17:17:02,2025-10-27 20:36:59
21827,2651,60,0,30,1,17,1,2025-06-23 06:53:41,2026-04-08 20:29:11
21834,2649,30,0,0,1,36,1,2025-06-27 12:17:27,2025-12-19 00:22:28
21843,2589,45,0,0,1,63,1,2025-07-08 17:53:38,2025-07-14 21:13:36
21867,2651,60,0,15,1,18,1,2025-07-30 16:34:07,2026-03-31 16:53:45
21880,954,15,0,0,1,37,1,2025-08-11 03:47:12,2026-02-03 17:21:39
21899,2554,30,0,30,0,78,1,2025-08-25 17:52:18,2025-11-21 17:18:11
21927,2649,30,0,0,1,53,1,2025-09-26 14:09:39,2025-09-26 14:14:07
22001,2649,45,0,0,1,70,1,2025-12-10 20:04:08,2025-12-10 20:04:08
17953,2554,60,0,15,1,18,2,2020-06-04 14:20:42,2026-03-06 22:12:29
17961,2554,30,0,0,0,27,14,2020-06-04 14:52:40,2025-02-26 22:04:01
17966,2554,15,0,0,1,39,7,2020-06-04 14:52:41,2026-04-23 20:39:27
17997,2532,60,0,15,1,1,1,2020-06-15 00:38:06,2025-11-25 22:26:20
17999,2532,30,0,0,1,4,1,2020-06-16 18:25:59,2025-11-25 22:26:20
18010,2556,60,0,30,1,9,15,2020-06-17 19:15:32,2025-06-21 04:54:19
18019,2556,60,0,30,1,19,6,2020-06-17 19:15:33,2025-06-21 04:54:19
18029,2556,30,0,15,1,30,3,2020-06-17 19:15:34,2025-06-21 04:54:19
18065,486,90,0,0,1,14,1,2020-07-17 01:40:22,2026-02-21 00:15:41
18131,2562,45,0,15,1,7,11,2020-09-02 13:57:29,2026-01-05 16:05:12
18135,2562,45,0,15,1,6,11,2020-09-02 13:57:29,2026-01-05 16:05:12
18137,2562,60,0,15,1,10,2,2020-09-02 13:57:29,2026-01-05 16:05:12
18160,2532,45,0,30,1,35,6,2020-09-16 21:47:28,2025-11-25 22:26:20
18162,2532,30,0,30,1,72,18,2020-09-16 21:51:32,2026-04-15 23:42:42
18237,2532,45,0,15,1,38,1,2020-10-22 04:18:18,2025-11-25 22:26:20
18267,2537,60,0,0,1,43,10,2020-11-02 20:43:25,2024-08-21 16:56:19
18268,2537,90,1,0,1,44,10,2020-11-02 20:46:35,2026-03-23 15:17:56
18270,2537,60,0,0,1,46,2,2020-11-02 20:49:56,2024-08-21 15:29:00
18278,2537,60,0,0,1,54,1,2020-11-02 21:23:02,2023-06-20 15:52:25
18286,2567,45,0,15,1,1,12,2020-11-03 17:38:09,2025-05-23 22:06:00
18289,2567,45,0,15,1,3,6,2020-11-03 17:38:10,2025-05-23 22:09:48
18293,2567,45,0,15,1,7,15,2020-11-03 17:38:10,2025-05-23 22:18:15
18300,2567,45,0,15,1,17,2,2020-11-03 17:38:10,2026-01-21 17:14:24
18303,2567,60,0,15,0,23,10,2020-11-03 17:38:11,2025-08-06 21:15:13
18304,2567,45,0,15,1,25,18,2020-11-03 17:38:11,2025-07-15 18:10:58
18323,2509,60,0,30,1,30,2,2020-11-11 14:02:30,2025-12-30 21:05:57
18325,2509,60,0,30,0,50,12,2020-11-11 14:04:38,2026-03-31 18:28:01
18357,2509,90,0,30,1,55,10,2020-11-17 15:42:30,2026-02-04 14:43:38
18418,435,30,0,0,1,41,1,2020-11-25 20:02:34,2020-12-09 20:08:16
18422,2568,60,0,0,1,2,1,2020-11-27 18:47:27,2023-02-15 15:57:04
18423,2568,60,0,0,1,3,1,2020-11-27 18:47:27,2023-02-15 15:57:04
18425,2568,90,0,0,1,5,1,2020-11-27 18:47:27,2023-02-15 15:57:04
18457,2567,60,0,15,1,20,7,2020-12-12 17:18:31,2025-04-30 00:24:20
18608,2532,45,0,15,1,44,12,2021-01-20 00:31:52,2025-11-25 22:26:20
18630,2575,60,0,0,1,6,15,2021-01-21 19:32:28,2024-02-01 18:00:38
18674,2563,60,0,15,1,1,12,2021-01-26 17:42:25,2021-03-01 23:08:28
18681,2563,60,0,15,1,8,6,2021-01-26 17:42:25,2021-06-09 22:11:30
18682,2563,60,0,15,1,9,6,2021-01-26 17:42:25,2021-03-01 23:15:27
18704,2563,60,0,15,1,31,15,2021-01-26 17:42:25,2021-04-16 14:14:34
18714,2532,45,0,30,1,45,6,2021-02-02 23:51:42,2025-11-25 22:26:20
18742,2573,60,0,0,1,42,3,2021-02-12 16:44:40,2024-07-09 16:33:54
18746,2573,120,0,30,1,38,6,2021-02-12 16:44:40,2024-02-15 22:20:34
18780,2576,90,0,30,1,2,15,2021-02-25 23:29:00,2021-03-08 17:38:08
18789,2532,45,0,15,1,46,10,2021-03-01 17:49:49,2025-11-25 22:26:20
18806,2573,30,0,30,1,39,3,2021-03-05 18:19:11,2023-02-27 23:38:59
18808,2573,120,0,15,1,32,6,2021-03-05 19:31:10,2024-02-15 22:20:06
18814,2573,45,0,15,1,22,15,2021-03-06 19:21:34,2024-04-22 20:48:13
18817,2573,30,0,15,1,16,15,2021-03-06 22:32:38,2023-05-26 14:01:59
18862,2585,60,0,0,1,3,7,2021-04-07 13:53:01,2026-05-06 02:29:51
18863,2585,60,0,0,1,4,11,2021-04-07 13:53:01,2026-05-06 02:29:45
18897,2566,30,0,0,1,24,1,2021-04-14 18:09:07,2024-04-11 14:19:38
18980,2532,45,0,15,1,51,10,2021-05-21 17:25:00,2025-11-25 22:26:20
18981,2554,15,0,15,0,57,12,2021-05-21 17:40:06,2025-05-01 12:07:41
18987,2591,60,0,30,1,3,1,2021-05-31 19:31:03,2024-09-12 14:34:00
19014,2562,15,0,0,1,14,2,2021-06-03 18:47:57,2026-01-05 16:05:12
19045,2566,30,0,0,1,29,1,2021-06-15 19:18:46,2024-04-11 14:19:30
19049,2585,60,0,0,1,17,1,2021-06-17 17:31:35,2026-05-06 02:29:01
19063,2593,60,0,30,1,15,11,2021-06-18 06:38:30,2021-07-20 20:06:46
19071,2563,60,0,30,1,37,10,2021-06-23 16:29:44,2022-06-21 14:46:02
19102,2563,60,0,15,1,49,1,2021-07-05 05:10:49,2021-07-05 05:10:49
19128,1683,30,1,0,1,7,1,2021-07-09 21:36:22,2025-07-22 21:18:53
19189,2593,30,0,0,1,22,10,2021-08-05 15:44:36,2023-12-29 16:16:33
19198,2512,90,0,0,1,7,15,2021-08-11 03:48:56,2024-10-22 15:11:50
19231,1741,30,0,0,1,97,1,2021-08-31 19:04:55,2021-08-31 19:05:38
19245,1478,60,0,0,1,16,1,2021-09-01 01:42:15,2022-03-16 22:29:09
19282,2573,30,0,0,1,60,7,2021-09-09 18:36:39,2023-05-26 14:06:50
19286,2596,60,0,30,1,43,18,2021-09-10 18:04:13,2024-06-21 17:49:18
19296,2596,60,0,30,1,34,15,2021-09-10 18:04:14,2024-06-21 17:49:19
19300,2596,60,0,0,1,3,12,2021-09-10 18:04:14,2025-03-07 18:31:21
19304,2596,60,0,0,1,9,10,2021-09-10 18:04:14,2024-06-21 17:49:19
19311,2596,60,0,0,1,17,15,2021-09-10 18:04:15,2024-06-21 17:49:19
19313,2596,60,0,0,1,18,11,2021-09-10 18:04:15,2024-06-21 17:49:19
19315,2596,30,0,0,1,25,11,2021-09-10 18:04:15,2024-06-21 17:49:19
19316,2596,60,0,0,1,24,15,2021-09-10 18:04:15,2024-06-21 17:49:20
19322,2596,60,0,30,1,26,18,2021-09-10 18:04:15,2024-06-21 17:49:20
19335,2597,60,0,30,1,5,15,2021-09-13 23:20:56,2022-02-01 15:15:45
19411,2552,30,0,15,1,24,1,2021-10-16 01:26:02,2022-09-16 12:05:44
19414,2552,15,0,15,1,28,1,2021-10-16 01:26:02,2022-09-16 12:05:44
19415,2552,30,0,15,1,27,1,2021-10-16 01:26:02,2022-09-16 12:05:44
19417,2552,15,0,15,1,29,2,2021-10-16 01:26:02,2022-09-16 12:05:44
19486,2573,60,0,15,1,67,15,2021-12-14 18:05:47,2023-05-26 14:06:16
19487,2601,30,0,15,0,1,1,2021-12-15 03:55:55,2023-04-06 12:58:15
19490,2601,15,0,15,1,20,10,2021-12-15 03:55:55,2022-12-13 21:05:09
19503,2585,60,0,0,1,24,7,2022-01-04 21:22:48,2026-05-06 02:28:34
19511,2602,30,0,0,1,5,8,2022-01-19 15:50:08,2022-08-31 15:06:17
19584,1514,60,0,0,1,7,1,2022-03-01 20:50:18,2022-10-07 00:28:00
19603,1514,60,0,0,1,13,1,2022-03-16 23:33:49,2022-10-07 00:28:00
19606,2548,30,0,0,1,24,8,2022-03-17 18:56:32,2023-05-31 17:54:52
19612,2554,60,0,30,1,22,3,2022-03-23 11:35:11,2026-04-24 19:13:52
19628,2604,15,0,0,1,10,1,2022-03-29 18:51:54,2023-10-31 14:37:10
19653,2603,60,0,30,1,3,11,2022-04-04 14:01:03,2023-05-10 23:16:35
19655,2603,60,0,30,1,5,10,2022-04-04 14:01:03,2023-05-01 17:20:51
19659,2603,60,0,30,1,9,3,2022-04-04 14:01:03,2024-03-14 15:54:35
19672,2585,60,0,0,0,26,10,2022-04-07 19:06:41,2025-01-09 20:58:59
19692,2532,30,0,30,1,67,2,2022-04-19 17:06:03,2025-11-25 22:26:20
19695,2532,45,0,15,1,68,2,2022-04-19 21:10:36,2026-03-04 18:21:44
19700,2532,15,0,15,1,73,2,2022-04-20 23:26:52,2025-11-25 22:26:20
19705,2532,45,0,15,1,78,10,2022-04-21 18:55:06,2025-11-25 22:26:20
19706,2532,45,0,15,1,79,2,2022-04-21 19:13:38,2025-11-25 22:26:20
19707,2532,45,0,15,1,80,2,2022-04-21 19:33:54,2025-11-25 22:26:20
19708,2532,45,0,15,1,81,10,2022-04-21 19:46:21,2025-11-25 22:26:20
19714,2610,30,0,0,1,1,1,2022-04-28 21:13:07,2022-07-27 15:37:50
19732,2608,60,0,30,1,3,15,2022-05-19 16:49:36,2026-05-05 16:13:24
19742,2608,90,0,30,1,15,6,2022-05-19 16:49:36,2023-06-08 13:53:00
19807,1429,30,0,15,0,4,1,2022-06-20 19:14:27,2024-12-19 20:44:02
19839,2611,30,1,0,1,3,1,2022-07-06 20:26:03,2023-01-26 14:33:10
19959,2558,30,0,0,0,6,1,2022-09-16 22:55:11,2024-03-09 01:08:06
19979,2573,60,0,30,1,76,12,2022-10-05 18:53:30,2024-04-22 20:48:28
19980,2532,45,0,15,1,28,15,2022-10-05 22:37:14,2025-11-25 22:26:20
19984,2573,30,0,0,1,77,7,2022-10-07 16:24:14,2025-09-10 16:35:38
19989,2567,90,0,15,1,30,10,2022-10-12 17:58:16,2025-08-02 00:17:52
20022,2554,30,0,15,1,31,13,2022-10-21 12:22:44,2026-03-06 22:12:28
20032,2622,10,0,30,1,7,2,2022-10-24 16:03:57,2023-06-12 19:53:13
20033,2622,10,0,30,1,8,11,2022-10-24 16:03:57,2023-06-12 19:53:33
20043,2567,90,0,15,1,31,10,2022-10-24 20:56:34,2025-08-02 00:24:25
20064,2573,60,0,30,0,90,10,2022-11-05 16:01:51,2025-05-15 22:25:24
20066,2620,60,0,15,1,1,7,2022-11-07 15:35:13,2024-12-06 19:10:14
20094,2468,30,0,10,1,24,7,2022-11-22 21:11:02,2023-12-18 17:30:28
20120,2620,30,0,15,1,6,3,2023-01-10 22:08:54,2024-12-11 18:44:48
20130,2620,45,0,15,1,19,6,2023-01-27 01:42:42,2023-01-27 01:51:11
20163,2589,45,0,0,1,26,1,2023-02-15 23:19:20,2025-11-24 22:41:46
20167,2601,15,1,15,1,24,5,2023-02-16 16:05:29,2023-08-14 15:48:51
20198,2625,60,0,30,1,12,6,2023-02-28 18:37:39,2025-04-25 21:20:09
20200,2625,60,0,30,1,13,10,2023-02-28 18:37:39,2023-09-15 14:01:16
20226,2623,60,0,0,1,4,1,2023-03-13 21:04:35,2023-06-22 23:13:26
20227,2623,60,0,0,1,5,1,2023-03-13 21:04:35,2024-05-31 15:31:51
20249,2623,30,0,15,1,30,1,2023-03-13 21:04:36,2023-05-03 21:20:18
20251,2623,60,0,15,1,34,1,2023-03-13 21:04:36,2024-06-28 14:02:50
20268,2623,60,0,15,1,52,1,2023-03-13 21:04:38,2024-04-18 20:20:20
20270,2623,120,0,30,1,54,1,2023-03-13 21:04:38,2023-05-03 21:34:10
20279,2623,60,0,15,1,63,1,2023-03-13 21:04:39,2023-05-03 21:33:40
20310,2568,15,0,0,1,18,1,2023-03-14 18:25:07,2023-03-20 13:47:02
20313,2568,15,0,0,1,21,1,2023-03-14 18:28:39,2023-03-20 13:47:22
20322,2546,30,0,30,1,2,6,2023-03-17 18:25:36,2025-09-23 18:55:15
20324,2601,30,0,0,1,32,7,2023-03-20 18:33:45,2023-07-28 18:43:12
20344,2536,30,0,15,1,35,8,2023-03-28 13:41:47,2023-03-28 19:31:06
20384,2619,30,0,0,0,67,1,2023-04-19 16:32:06,2023-11-27 17:29:23
20401,2623,120,0,0,1,87,1,2023-04-24 14:40:54,2023-05-03 21:18:20
20405,2623,360,0,0,1,92,1,2023-04-24 14:43:03,2023-05-03 21:18:20
20407,2623,480,0,0,1,94,1,2023-04-24 14:43:43,2023-05-03 21:18:20
20413,2623,45,0,0,1,7,1,2023-04-25 15:42:58,2023-06-22 23:13:52
20432,2623,45,0,15,1,43,1,2023-05-01 20:45:10,2023-05-03 21:26:22
20460,2624,30,0,30,1,2,15,2023-05-29 14:38:50,2026-03-13 02:42:10
20464,2624,60,0,0,1,11,2,2023-05-29 14:38:51,2026-03-13 02:42:12
20468,2624,60,0,0,1,17,11,2023-05-29 14:38:51,2026-03-13 02:42:14
20469,2624,60,0,0,1,18,11,2023-05-29 14:38:51,2026-03-13 02:42:14
20472,2624,60,0,0,1,23,6,2023-05-29 14:38:51,2026-03-13 02:42:15
20474,2624,90,0,0,1,24,6,2023-05-29 14:38:51,2026-03-13 02:42:16
20477,2624,60,0,0,1,29,11,2023-05-29 14:38:51,2026-03-13 02:42:17
20481,2624,60,0,0,1,12,2,2023-05-29 14:38:51,2026-03-13 02:42:19
20483,2624,60,0,0,1,19,7,2023-05-29 14:38:52,2026-03-13 02:42:20
20520,2622,45,0,30,1,18,7,2023-07-12 16:31:48,2023-07-12 16:31:48
20523,2532,45,0,15,1,94,3,2023-07-13 17:00:03,2025-11-25 22:26:20
20553,2629,30,0,15,1,21,3,2023-07-29 23:20:54,2025-08-20 13:42:50
20556,2509,30,0,0,1,66,12,2023-07-31 17:47:12,2026-02-03 19:47:55
20571,2509,60,0,30,1,35,3,2023-08-10 20:39:41,2026-02-27 20:48:59
20577,2509,60,0,30,0,49,3,2023-08-11 19:05:07,2026-04-24 18:46:17
20601,2619,30,0,0,1,68,1,2023-08-18 22:44:59,2023-11-27 17:29:23
20606,2619,30,0,0,0,73,1,2023-08-18 22:47:23,2025-02-11 18:11:12
20624,2630,30,0,0,1,7,11,2023-08-29 21:44:11,2023-08-29 21:44:11
20625,2630,90,0,0,1,8,15,2023-08-29 21:44:11,2023-09-06 16:36:27
20626,2630,30,0,0,1,9,15,2023-08-29 21:44:12,2023-09-06 15:47:15
20646,2631,90,0,0,0,25,11,2023-08-31 15:09:12,2025-12-18 14:48:07
20657,2631,60,0,0,1,17,7,2023-08-31 15:09:13,2025-04-30 21:01:39
20662,2631,60,0,0,1,27,11,2023-08-31 15:09:13,2026-01-07 16:48:10
20663,2631,60,0,0,1,26,11,2023-08-31 15:09:13,2026-01-05 15:40:43
20668,2631,90,0,0,1,16,7,2023-08-31 15:09:13,2025-04-30 21:01:39
20684,2510,90,0,0,0,25,10,2023-09-01 23:37:37,2024-12-02 22:53:10
20697,2632,60,0,0,1,8,11,2023-09-07 01:14:13,2025-04-07 23:05:35
20739,2575,45,0,0,1,15,3,2023-09-22 23:03:48,2023-09-22 23:06:22
20760,2631,90,0,0,1,45,1,2023-10-05 15:33:33,2024-08-06 15:26:04
20771,2556,60,0,30,1,53,10,2023-10-11 18:36:17,2025-06-21 04:54:20
20789,2534,15,0,15,1,16,11,2023-10-23 17:32:36,2024-05-01 13:35:52
20808,2631,60,0,0,0,28,11,2023-11-03 18:11:46,2025-11-17 17:06:51
20832,2631,90,0,0,0,24,11,2023-11-21 17:31:59,2025-11-17 17:08:37
20863,2521,60,1,0,0,30,1,2023-12-07 19:29:45,2026-02-26 15:10:38
20864,2624,60,0,0,1,34,1,2023-12-08 02:45:16,2026-01-25 02:01:38
20865,2624,60,0,0,1,35,1,2023-12-08 02:46:33,2026-01-25 02:01:38
20867,2624,60,0,0,1,37,1,2023-12-08 02:49:08,2026-01-25 02:01:38
20869,2624,60,0,0,1,39,1,2023-12-08 02:51:44,2026-01-25 02:01:38
20913,1683,30,0,0,1,11,1,2024-01-08 20:05:40,2025-05-26 16:47:08
20929,2637,30,0,0,1,2,1,2024-01-18 18:42:24,2024-02-20 22:35:54
20941,2510,60,0,0,1,12,3,2024-01-23 19:46:58,2026-04-27 14:50:17
20960,2638,30,0,30,1,6,16,2024-02-08 21:30:12,2025-07-31 21:28:19
20991,2638,30,0,0,1,16,1,2024-02-15 21:03:55,2024-03-01 15:40:36
21016,2639,45,0,15,1,4,1,2024-03-04 06:59:29,2026-03-02 19:44:13
21022,2639,45,0,15,1,41,1,2024-03-04 06:59:30,2026-03-02 19:58:34
21024,2639,45,0,15,1,9,1,2024-03-04 06:59:30,2026-03-02 19:45:22
21033,2596,60,0,0,1,64,10,2024-03-04 19:13:36,2024-03-06 14:20:00
21043,2639,45,0,15,1,32,1,2024-03-12 21:45:51,2026-03-02 19:58:34
21101,2573,30,0,30,1,101,15,2024-05-08 18:35:45,2024-05-08 18:43:50
21169,2624,30,0,30,1,3,15,2024-06-03 01:23:07,2026-03-13 02:42:22
21177,2623,45,0,0,1,180,1,2024-06-05 18:45:34,2024-08-02 15:53:44
21216,2623,60,0,0,1,194,1,2024-07-22 16:19:26,2024-07-22 17:00:19
21251,2507,90,0,0,1,6,15,2024-08-08 21:42:23,2024-10-22 15:34:18
21287,2512,90,0,0,1,31,10,2024-09-12 18:33:36,2025-03-18 15:22:55
21291,2510,90,0,0,1,31,10,2024-09-12 18:42:00,2025-03-18 15:22:52
21301,2552,30,0,0,1,49,1,2024-09-19 17:28:49,2024-10-29 16:25:34
21320,2623,60,0,0,1,209,1,2024-10-01 21:09:04,2024-10-04 16:39:58
21324,2643,60,0,15,1,3,1,2024-10-02 20:28:02,2025-10-22 18:01:52
21328,2643,60,0,15,1,7,1,2024-10-02 20:28:02,2025-10-22 18:01:40
21331,2643,30,0,15,1,10,1,2024-10-02 20:28:02,2025-07-18 22:26:41
21334,2643,60,0,15,1,15,1,2024-10-02 20:28:03,2025-10-22 18:00:37
21369,2468,40,0,0,1,29,1,2024-10-15 19:38:12,2024-10-15 19:39:43
21370,2468,20,0,0,1,30,1,2024-10-15 19:40:57,2024-12-04 00:55:15
21383,2521,60,0,0,1,31,1,2024-10-18 18:33:53,2026-02-26 15:10:38
21388,2643,45,0,15,1,31,1,2024-10-23 18:10:03,2025-10-22 18:03:48
21396,2589,30,0,0,1,52,1,2024-10-31 20:29:03,2025-11-24 22:41:46
21455,2648,60,0,15,1,14,1,2024-12-17 14:43:16,2025-04-02 18:39:30
21465,2521,60,0,0,1,44,1,2024-12-19 22:10:02,2026-02-26 15:10:38
21549,2542,30,0,0,1,24,18,2025-01-30 18:37:10,2025-02-19 18:33:24
21597,2650,60,0,0,1,1,1,2025-03-14 16:24:20,2025-06-26 21:56:08
21601,2650,90,0,0,1,5,1,2025-03-14 16:24:21,2026-02-06 15:29:16
21605,2650,90,0,0,1,9,1,2025-03-14 16:24:21,2026-02-06 15:29:51
21609,2650,60,0,0,1,13,1,2025-03-14 16:24:21,2025-06-26 21:58:44
21701,2589,15,0,0,1,58,1,2025-04-23 19:08:53,2025-11-24 22:41:46
21738,2624,60,0,0,1,56,12,2025-05-09 02:20:40,2026-03-13 02:42:26
21774,2589,45,0,0,1,59,1,2025-06-02 17:57:13,2025-11-24 22:41:46
21814,2651,60,0,15,1,10,1,2025-06-16 17:19:30,2025-07-30 17:53:58
21817,2651,60,0,15,1,13,6,2025-06-16 17:21:45,2025-07-30 17:48:33
21833,2650,30,0,0,1,52,1,2025-06-26 22:00:50,2025-06-26 22:00:50
21878,2649,60,0,0,1,42,1,2025-08-08 15:32:40,2025-09-26 14:14:07
21929,2649,30,0,0,1,55,1,2025-09-26 14:14:08,2025-09-26 14:17:25
22045,2468,15,0,0,0,33,1,2026-01-13 21:14:00,2026-01-13 21:42:47
242,42,60,0,0,1,1,1,2011-09-20 12:45:23,2024-05-22 18:32:53
495,66,45,0,0,1,1,1,2011-10-24 13:33:01,2025-05-27 14:50:30
552,85,90,0,0,1,4,1,2011-11-21 20:04:38,2011-11-21 20:26:15
797,135,30,0,15,0,10,1,2012-01-21 07:52:07,2025-07-10 16:21:02
841,119,45,0,15,0,0,1,2012-01-30 09:33:11,2016-01-25 13:37:40
872,135,90,0,15,0,1,1,2012-02-05 07:30:04,2025-07-10 01:55:05
925,202,30,0,15,1,1,1,2012-02-28 15:09:59,2025-10-02 15:07:05
927,202,60,0,15,1,3,1,2012-02-28 15:09:59,2025-10-02 15:07:42
1386,316,45,0,15,1,2,1,2012-06-19 01:44:16,2025-07-01 02:11:17
1622,377,45,0,0,1,1,1,2012-08-27 16:46:40,2025-01-02 23:23:23
1623,377,90,0,0,1,2,1,2012-08-27 16:46:41,2025-01-02 23:28:57
1625,377,45,0,0,1,4,1,2012-08-27 16:46:41,2025-01-02 23:25:30
1635,67,120,0,0,0,0,1,2012-08-31 16:14:28,2013-06-03 02:57:01
1877,424,60,0,0,1,12,1,2012-11-15 06:27:08,2012-12-06 12:05:24
1952,473,60,0,0,1,2,1,2012-12-13 16:34:52,2020-06-22 20:32:29
1985,473,60,0,0,1,5,1,2012-12-27 17:36:14,2023-03-27 13:08:39
2164,510,60,0,0,1,19,1,2013-02-11 19:55:59,2025-10-01 20:26:57
2441,576,75,0,0,1,1,1,2013-04-19 19:19:51,2025-07-17 14:52:42
2589,583,20,0,0,0,10,1,2013-05-20 05:49:29,2013-07-09 01:37:09
2596,606,90,0,0,0,0,1,2013-05-21 02:46:40,2013-11-13 23:27:59
2917,620,180,0,0,0,7,1,2013-06-16 15:59:46,2015-02-16 14:42:53
3075,661,30,0,0,1,56,1,2013-07-11 23:55:56,2020-07-21 21:53:21
3082,661,30,0,0,1,62,1,2013-07-12 00:13:20,2019-10-21 17:58:08
3217,690,15,0,0,1,23,1,2013-07-26 18:47:31,2013-11-26 21:19:55
3315,713,60,0,0,1,1,1,2013-08-12 14:53:41,2024-02-01 22:09:08
3327,713,75,0,0,1,2,1,2013-08-13 17:32:22,2024-02-01 22:08:57
3329,713,105,0,0,1,4,1,2013-08-13 17:35:25,2024-02-01 22:09:25
3343,713,135,0,0,1,6,1,2013-08-16 19:54:51,2024-02-01 22:08:46
3344,713,150,0,0,1,7,1,2013-08-16 19:55:49,2024-02-01 22:07:45
3672,780,60,0,0,1,1,1,2013-10-08 12:06:57,2013-10-08 12:10:11
4007,661,60,0,0,0,0,1,2013-12-28 19:51:00,2019-02-09 15:29:25
4120,874,60,0,0,1,1,1,2014-01-10 17:09:36,2014-02-14 17:02:52
4252,907,15,0,0,1,21,1,2014-01-29 12:31:23,2014-01-29 16:38:23
4362,734,30,0,15,1,5,1,2014-02-07 19:47:17,2021-11-30 21:17:04
4422,928,30,0,0,1,3,1,2014-02-12 21:19:10,2017-01-10 16:08:38
4472,946,60,0,0,1,2,1,2014-02-17 21:42:55,2014-02-18 02:15:12
4487,950,30,0,0,1,9,1,2014-02-18 17:48:53,2014-02-18 18:13:52
4503,954,45,0,15,1,17,1,2014-02-19 18:30:40,2026-02-03 17:21:39
4642,981,15,0,0,1,1,1,2014-03-12 18:03:59,2025-04-07 19:49:35
5205,1069,90,0,30,1,2,1,2014-05-20 01:24:48,2014-06-24 16:31:37
5242,981,15,0,0,1,2,1,2014-05-23 19:38:58,2025-04-28 19:13:47
5311,1085,60,0,0,1,2,1,2014-06-03 19:55:52,2024-07-01 18:36:23
5623,1149,90,0,15,1,4,1,2014-07-21 15:49:13,2026-03-09 17:18:06
5743,1184,45,0,0,0,0,1,2014-07-30 20:46:03,2019-04-06 22:40:29
5911,1208,60,0,0,1,27,1,2014-08-21 02:24:42,2014-08-21 02:24:42
5968,564,60,0,15,0,0,1,2014-08-26 20:14:33,2018-06-10 20:57:47
6301,1273,60,0,15,1,1,1,2014-10-07 20:52:39,2014-10-23 17:12:24
6516,1317,45,0,0,1,5,1,2014-11-14 02:32:27,2025-03-20 14:25:52
6521,1317,150,0,0,1,10,1,2014-11-14 19:29:06,2025-03-20 14:25:17
7403,1365,90,0,0,1,13,1,2015-03-24 21:34:04,2026-01-27 22:29:35
8112,1292,60,0,0,0,7,1,2015-06-10 13:58:44,2025-06-14 18:15:19
8602,661,30,0,0,1,52,1,2015-08-07 17:33:53,2019-10-21 17:58:07
8761,1714,15,0,0,1,3,1,2015-08-17 20:00:49,2015-08-17 20:03:45
8956,1742,60,0,0,1,17,1,2015-09-02 12:20:46,2015-09-02 12:20:46
9267,1802,45,0,15,1,46,1,2015-10-05 23:36:25,2026-04-26 18:32:36
9270,1802,45,0,15,1,26,1,2015-10-05 23:40:18,2026-04-26 18:29:53
9272,1802,60,0,0,1,24,1,2015-10-05 23:42:42,2024-02-09 14:41:22
9273,1802,60,0,0,1,33,1,2015-10-05 23:53:20,2021-10-04 15:27:18
9667,1373,30,0,30,1,6,1,2015-11-12 13:41:34,2015-11-12 15:50:11
10025,1894,75,0,30,1,2,1,2015-12-21 21:29:17,2015-12-21 21:29:17
10195,1908,15,0,0,1,5,1,2016-01-06 20:58:24,2016-01-06 20:58:24
10320,756,30,0,15,0,80,1,2016-01-18 18:40:57,2016-12-09 16:41:39
10769,1292,15,0,0,1,15,1,2016-02-26 19:55:28,2016-02-26 19:55:28
10770,1292,15,0,0,1,16,1,2016-02-26 19:55:58,2018-11-23 14:55:30
10771,1292,15,0,0,1,17,1,2016-02-26 19:56:23,2018-11-23 14:55:45
10823,23,20,0,0,0,0,1,2016-03-07 19:19:23,2016-03-07 19:19:41
10912,1592,90,0,30,1,22,1,2016-03-13 19:50:50,2026-04-30 23:29:49
10999,2029,30,0,0,1,1,1,2016-03-22 14:01:36,2023-05-15 20:51:26
11252,2080,60,0,0,1,2,1,2016-04-22 21:54:50,2016-04-22 22:28:46
11457,2117,60,0,15,1,2,1,2016-05-22 19:10:38,2026-01-10 04:28:18
11735,1292,75,0,0,1,20,1,2016-06-30 12:34:39,2019-05-30 00:04:32
12048,2248,60,0,15,1,2,1,2016-08-08 18:27:51,2021-09-15 20:39:11
12080,1802,60,0,0,1,12,1,2016-08-11 18:02:41,2023-01-19 23:40:58
12292,1592,60,0,60,1,31,1,2016-08-31 04:27:16,2026-04-30 23:30:39
12653,1683,45,1,0,1,1,1,2016-10-11 15:47:47,2025-07-22 21:18:53
12680,2357,60,0,30,1,7,11,2016-10-14 20:04:24,2024-11-21 19:52:47
12764,981,15,0,0,1,4,1,2016-10-26 18:12:11,2025-08-04 21:24:58
13029,2379,15,0,0,1,1,1,2016-12-01 20:17:57,2021-09-29 20:58:58
13032,2379,15,0,0,1,3,1,2016-12-01 20:21:13,2018-11-28 18:49:10
13484,1460,60,0,0,1,3,1,2017-03-16 20:24:13,2017-03-16 20:30:02
13548,2396,120,0,0,0,0,1,2017-03-23 20:21:22,2019-05-30 18:35:16
13573,1885,60,0,0,1,158,1,2017-03-28 18:47:34,2017-03-28 18:47:34
13926,2396,30,0,0,1,7,1,2017-05-31 15:30:30,2026-04-27 20:22:07
13934,2431,60,0,0,1,8,1,2017-06-03 05:18:14,2022-10-13 22:47:43
14612,661,75,0,0,1,30,1,2017-12-05 17:01:41,2019-10-21 17:58:06
14783,2133,75,0,0,0,11,1,2018-01-17 19:58:30,2025-08-11 06:13:32
14913,2479,45,0,15,1,11,1,2018-02-20 19:00:39,2023-08-11 18:03:12
14916,2479,60,0,0,0,8,1,2018-02-20 19:07:14,2022-04-11 19:31:21
15186,2496,60,0,15,1,4,15,2018-04-12 16:27:47,2026-04-07 22:20:59
15194,2496,90,0,15,1,13,3,2018-04-12 16:32:15,2025-10-30 22:24:10
15239,661,60,0,15,1,24,1,2018-05-10 02:05:20,2024-04-30 15:40:53
15404,1429,30,0,15,0,3,1,2018-06-19 19:39:29,2024-12-19 17:36:56
15512,2502,30,0,30,1,20,7,2018-07-24 13:59:35,2020-02-13 22:22:00
15760,2507,45,0,0,1,17,5,2018-09-04 17:35:21,2024-10-22 15:36:51
15778,2510,45,0,0,1,23,5,2018-09-04 20:15:33,2024-10-22 15:22:08
15809,2512,90,0,0,1,20,3,2018-09-04 17:32:36,2026-04-27 14:48:46
15813,2512,90,0,0,1,6,15,2018-09-04 17:36:40,2024-10-22 15:11:35
15819,2512,60,0,0,1,13,10,2018-09-04 18:03:36,2024-10-22 15:13:24
15823,2512,45,0,0,1,11,11,2018-09-04 18:09:20,2024-10-25 16:24:19
15882,2503,60,0,0,1,3,6,2018-09-12 16:47:56,2023-11-20 20:58:56
15896,1375,270,0,0,1,3,1,2018-09-16 22:13:32,2025-07-07 19:13:17
15924,2505,60,0,30,1,12,10,2018-09-19 16:53:21,2024-02-12 21:50:29
15999,2357,60,0,30,1,18,18,2018-10-18 13:49:57,2024-11-21 19:49:02
16001,2357,60,0,30,1,15,2,2018-10-18 13:50:56,2024-11-21 19:48:28
16326,2101,60,0,15,1,1,1,2018-12-04 22:57:35,2026-04-02 14:43:53
16328,2101,60,0,15,1,5,1,2018-12-04 22:59:13,2026-04-02 14:43:53
16403,2521,60,0,0,0,10,11,2018-12-13 19:01:34,2025-08-13 20:53:19
16404,2521,60,0,0,0,11,11,2018-12-13 19:04:33,2025-08-13 20:53:34
16406,2521,60,0,0,1,7,15,2018-12-13 19:05:35,2023-03-13 14:44:40
16410,2521,60,0,0,1,15,10,2018-12-13 19:08:05,2025-05-09 16:45:49
16411,2521,90,0,0,1,16,10,2018-12-13 19:10:06,2025-05-09 16:46:01
16413,2521,60,0,0,1,19,3,2018-12-13 19:11:23,2024-12-20 14:19:18
16498,510,15,0,0,1,5,1,2019-01-17 20:26:54,2023-05-09 19:39:03
16548,2519,60,0,0,1,25,10,2019-01-28 13:58:11,2025-07-30 20:31:22
16566,2519,60,0,0,1,13,11,2019-01-31 02:25:53,2025-07-30 20:29:48
16571,2519,60,0,0,1,5,12,2019-01-31 02:56:13,2025-02-23 18:36:02
16573,2519,60,0,0,1,6,3,2019-01-31 03:02:18,2025-02-23 18:36:02
16594,2521,60,0,0,1,5,2,2019-02-01 19:50:04,2025-01-29 19:35:56
16633,2468,30,0,10,0,9,1,2019-02-15 00:51:10,2023-12-12 20:38:17
16636,2523,45,0,15,1,1,12,2019-02-15 20:30:12,2025-06-21 04:46:58
16641,2523,60,0,30,1,6,15,2019-02-15 20:39:57,2025-06-21 04:46:59
16871,2532,30,0,15,1,18,3,2019-04-22 17:45:19,2025-11-25 22:26:20
16896,2525,60,0,15,1,14,11,2019-04-29 22:06:50,2025-06-21 04:49:38
16908,2531,60,0,15,1,2,2,2019-05-07 12:42:56,2026-04-20 17:48:34
16911,2531,60,0,15,1,8,11,2019-05-07 12:44:39,2025-05-05 17:53:53
16912,2531,60,0,15,1,10,10,2019-05-07 12:45:27,2025-05-05 17:53:53
16920,2503,90,1,30,1,2,7,2019-05-09 19:48:38,2023-11-20 20:58:58
16922,2525,60,0,15,1,18,10,2019-05-10 16:19:23,2025-06-21 04:49:38
16933,2536,30,0,15,1,9,8,2019-05-14 15:57:09,2023-03-28 13:45:54
16950,2536,30,0,15,1,7,8,2019-05-14 17:51:47,2023-03-28 13:46:27
16997,2534,60,1,0,1,1,2,2019-06-10 19:43:04,2023-10-30 18:32:26
17192,1514,60,0,0,1,11,1,2019-09-04 13:23:22,2022-10-07 00:28:00
17217,2542,60,0,0,1,4,3,2019-09-13 15:11:46,2025-01-21 17:05:03
17429,1085,90,0,15,0,12,1,2019-10-11 22:21:26,2022-06-01 01:16:23
17511,2496,90,0,15,1,19,10,2019-11-21 00:11:09,2020-10-26 14:31:36
17517,2496,45,0,15,1,12,18,2019-11-21 22:10:05,2023-08-15 21:09:53
17531,2496,45,0,15,1,22,14,2019-12-04 21:18:01,2025-01-28 18:51:51
17535,2496,90,0,15,1,14,2,2019-12-04 22:09:41,2022-04-26 19:35:16
17551,1805,120,0,0,1,3,1,2019-12-12 23:24:02,2019-12-12 23:24:02
17564,2547,60,0,15,1,4,15,2020-01-02 16:14:51,2026-02-11 15:51:35
17583,2542,90,0,0,0,33,7,2020-01-03 17:40:17,2025-03-14 15:20:37
17589,2445,30,0,30,1,3,1,2020-01-06 21:33:10,2024-10-31 19:54:36
17671,2524,30,0,15,1,21,2,2020-02-04 17:45:46,2023-06-12 15:15:54
17700,2546,90,1,30,1,22,7,2020-02-13 14:58:34,2025-06-11 18:30:44
17748,2525,30,0,15,1,6,11,2020-03-19 17:24:57,2025-06-21 04:49:39
17759,2532,45,0,15,1,27,15,2020-03-23 08:10:19,2025-11-25 22:26:20
17848,2532,45,0,15,1,29,12,2020-05-06 21:38:48,2026-04-23 17:55:07
17857,435,30,0,10,1,14,1,2020-05-08 13:40:41,2020-11-10 14:33:22
17893,2551,45,0,15,1,1,15,2020-05-28 14:53:36,2023-06-07 19:08:40
17895,2551,30,0,15,1,3,15,2020-05-28 14:53:37,2022-05-20 16:15:11
17907,2551,45,0,15,1,15,10,2020-05-28 14:53:38,2021-07-06 01:02:21
17909,2551,45,0,15,1,17,3,2020-05-28 14:53:38,2021-07-06 01:02:35
17911,2551,45,0,15,1,19,4,2020-05-28 14:53:39,2021-07-06 01:02:54
17914,2551,45,0,15,1,22,15,2020-05-28 14:53:39,2020-07-02 18:46:29
17923,2532,30,0,15,1,11,3,2020-06-01 17:41:48,2025-11-25 22:26:20
17938,2554,30,0,15,1,3,2,2020-06-04 14:20:39,2026-03-06 22:12:29
17945,2554,60,0,30,1,9,11,2020-06-04 14:20:41,2026-03-06 22:12:29
17950,2554,60,0,30,1,14,10,2020-06-04 14:20:42,2026-03-06 22:12:30
17954,2554,60,0,15,1,19,18,2020-06-04 14:20:42,2026-03-06 22:12:29
17964,2554,15,0,15,1,22,3,2020-06-04 14:52:41,2026-04-24 19:16:12
18002,2556,60,0,30,1,2,2,2020-06-17 19:15:30,2025-06-21 04:54:18
18026,2556,60,0,15,1,27,3,2020-06-17 19:15:34,2025-06-21 04:54:19
18031,2556,30,0,30,1,32,3,2020-06-17 19:15:34,2025-06-21 04:54:19
18045,2532,45,0,15,1,5,3,2020-06-25 22:54:25,2025-11-25 22:26:20
18129,2562,60,0,15,1,2,10,2020-09-02 13:44:56,2026-01-05 16:05:12
18235,2505,30,0,0,1,20,7,2020-10-19 19:40:12,2020-10-23 22:12:35
18238,2532,45,0,15,1,39,15,2020-10-22 04:19:43,2025-11-25 22:26:20
18243,2562,30,0,15,1,12,11,2020-10-26 12:59:07,2026-01-05 16:05:12
18259,2532,30,0,15,1,71,2,2020-10-30 21:22:35,2025-11-25 22:26:20
18261,2537,60,0,0,1,37,2,2020-11-02 20:16:07,2024-08-12 04:59:51
18265,2537,90,0,0,1,41,15,2020-11-02 20:30:51,2023-06-20 15:52:25
18288,2567,30,0,15,1,3,2,2020-11-03 17:38:10,2025-05-23 22:50:16
18315,2566,30,0,0,1,2,1,2020-11-06 13:43:55,2020-11-10 03:52:44
18328,2509,60,0,30,1,33,11,2020-11-11 14:25:51,2025-12-31 19:52:09
18329,2509,60,0,30,1,34,11,2020-11-11 14:26:20,2025-12-31 19:52:09
18332,2509,30,0,15,1,43,11,2020-11-11 14:27:53,2026-02-23 20:43:29
18335,2509,60,0,30,0,63,15,2020-11-11 14:29:47,2024-04-23 16:14:04
18351,2357,60,0,30,1,3,2,2020-11-16 21:12:52,2025-07-15 19:49:25
18352,2357,60,0,30,1,4,2,2020-11-16 21:15:35,2024-11-21 19:43:36
18362,2525,30,0,15,1,24,11,2020-11-18 17:53:50,2025-06-21 04:49:39
18409,2532,45,0,15,1,41,8,2020-11-20 01:15:42,2025-11-25 22:26:20
18442,2525,30,0,15,1,25,3,2020-12-07 20:14:12,2025-06-21 04:49:39
18478,2573,5,0,0,1,9,1,2020-12-23 21:52:54,2021-04-08 21:49:08
18531,2554,30,0,0,1,24,3,2021-01-06 13:53:15,2026-03-06 22:12:28
18605,2532,45,0,15,1,116,1,2021-01-19 22:04:58,2026-01-06 21:40:50
18626,2575,30,0,0,1,3,2,2021-01-21 19:32:28,2023-02-10 23:34:19
18634,2575,45,0,0,1,12,10,2021-01-21 19:32:28,2023-03-31 16:12:22
18676,2563,60,0,15,1,3,2,2021-01-26 17:42:25,2021-03-01 23:09:13
18686,2563,60,0,15,1,13,11,2021-01-26 17:42:25,2021-03-01 23:17:09
18688,2563,60,0,15,1,15,11,2021-01-26 17:42:25,2021-03-01 23:17:46
18690,2563,90,0,15,1,17,15,2021-01-26 17:42:25,2021-04-08 00:57:39
18697,2563,60,0,15,1,24,11,2021-01-26 17:42:25,2021-03-01 23:23:25
18736,2573,60,0,15,1,29,10,2021-02-12 16:44:40,2023-05-26 14:00:39
18737,2573,30,0,0,1,28,10,2021-02-12 16:44:40,2023-05-26 14:00:49
18739,2573,45,0,0,1,12,2,2021-02-12 16:44:40,2024-06-10 19:54:47
18740,2573,30,0,0,1,15,11,2021-02-12 16:44:40,2023-05-26 14:05:26
18743,2573,60,0,0,1,52,11,2021-02-12 16:44:40,2022-11-08 03:07:38
18745,2573,60,0,30,1,33,10,2021-02-12 16:44:40,2024-02-15 22:20:42
18769,2573,60,0,30,1,44,3,2021-02-18 21:35:54,2022-11-08 03:08:18
18779,2576,60,0,30,1,1,11,2021-02-25 23:29:00,2021-03-08 17:38:01
18786,48,45,0,0,1,2,1,2021-02-26 20:39:59,2021-02-26 20:44:10
18813,2573,60,0,30,1,21,15,2021-03-06 19:20:22,2024-04-22 20:48:02
18818,2573,30,0,15,1,25,10,2021-03-06 22:39:42,2023-05-26 14:00:15
18860,2585,60,0,0,1,1,15,2021-04-07 13:53:01,2026-05-06 02:30:04
18861,2585,60,0,0,1,2,15,2021-04-07 13:53:01,2026-05-06 02:29:57
18869,2585,60,0,0,1,14,10,2021-04-07 13:53:01,2026-04-29 17:10:40
18909,2546,90,0,30,1,5,6,2021-04-21 21:10:31,2025-05-23 18:22:07
18913,2554,30,0,0,1,42,12,2021-04-23 11:42:25,2026-03-06 22:12:29
18991,2592,60,0,30,1,4,1,2021-05-31 20:09:33,2024-09-12 14:51:52
18992,2592,60,0,30,1,8,1,2021-05-31 20:09:33,2024-09-12 14:53:46
19016,2563,90,0,15,1,32,10,2021-06-03 21:28:15,2021-06-23 16:24:54
19019,2563,60,0,60,1,36,10,2021-06-03 21:38:03,2022-06-21 14:46:55
19035,2532,45,0,15,1,55,1,2021-06-09 16:59:42,2025-11-25 22:26:20
19039,2563,60,0,15,1,46,10,2021-06-09 22:08:35,2021-06-23 16:29:47
19054,2593,30,0,30,1,7,1,2021-06-18 06:38:30,2022-01-20 22:43:55
19078,2596,30,0,15,0,2,1,2021-06-24 18:10:01,2021-09-10 13:53:28
19126,2589,45,0,0,0,23,1,2021-07-06 20:08:59,2025-01-13 18:35:52
19190,2554,60,0,0,1,48,1,2021-08-09 13:58:20,2026-03-06 22:12:28
19208,1741,90,0,0,1,93,1,2021-08-12 17:35:36,2021-08-12 17:35:36
19216,2589,45,0,0,1,8,1,2021-08-18 15:47:22,2025-11-24 22:41:34
19228,2542,60,0,30,1,32,10,2021-08-25 16:37:47,2025-02-19 18:33:20
19247,2585,60,0,0,1,21,10,2021-09-01 18:39:01,2026-05-06 02:28:55
19283,2573,60,0,0,1,61,7,2021-09-09 18:37:17,2023-05-26 14:06:50
19306,2596,60,0,0,1,12,11,2021-09-10 18:04:14,2024-06-21 17:49:19
19312,2596,60,0,0,1,16,12,2021-09-10 18:04:15,2024-06-21 17:49:19
19321,2596,60,0,0,1,10,10,2021-09-10 18:04:15,2024-06-21 17:49:20
19327,2596,30,0,0,1,54,1,2021-09-10 18:04:15,2022-10-03 13:15:58
19328,2585,60,0,0,1,22,3,2021-09-13 19:32:23,2026-05-06 02:28:41
19331,2597,60,0,30,1,19,6,2021-09-13 23:20:56,2023-07-17 20:37:37
19333,2597,60,0,30,1,16,6,2021-09-13 23:20:56,2022-02-01 15:17:52
19337,2597,60,0,30,1,7,15,2021-09-13 23:20:56,2022-02-01 15:15:57
19340,2597,60,0,30,1,11,11,2021-09-13 23:20:56,2022-02-01 15:16:53
19341,2597,15,0,15,1,12,11,2021-09-13 23:20:56,2025-10-02 14:40:19
19354,2573,45,0,0,1,62,10,2021-09-16 14:23:49,2024-02-15 22:20:16
19380,2598,30,0,15,1,2,10,2021-10-04 14:57:25,2023-07-13 20:20:09
19381,2598,60,0,15,1,3,15,2021-10-04 14:58:24,2025-01-06 17:47:38
19383,2597,45,0,15,1,4,2,2021-10-05 18:07:10,2022-02-01 15:15:38
19385,2570,240,1,0,1,6,1,2021-10-06 21:59:43,2025-11-26 23:49:06
19386,2570,240,1,0,0,8,1,2021-10-06 22:00:24,2024-07-11 00:16:55
19387,1345,30,0,0,1,27,1,2021-10-07 14:55:47,2026-05-03 15:48:20
19393,2556,60,0,30,0,46,10,2021-10-14 00:03:22,2023-10-22 23:59:56
19405,2552,45,0,15,1,18,2,2021-10-16 01:26:02,2022-09-16 12:05:44
19409,2552,30,0,15,1,22,1,2021-10-16 01:26:02,2022-09-16 12:05:44
19418,2552,15,0,15,1,30,1,2021-10-16 01:26:02,2022-09-16 12:05:44
19425,2573,45,0,15,1,65,11,2021-10-22 20:48:08,2023-05-26 14:03:02
19471,954,60,0,15,1,32,1,2021-11-30 19:35:29,2026-02-03 17:21:39
19484,2589,45,0,0,1,13,1,2021-12-13 17:39:44,2025-11-24 22:41:34
19492,2601,15,0,15,1,6,10,2021-12-15 03:55:55,2023-04-03 13:04:49
19514,2602,30,0,0,1,4,8,2022-01-19 15:50:08,2022-08-17 22:00:28
19558,2604,15,0,0,0,2,1,2022-02-14 16:01:30,2024-10-10 18:08:14
19561,2532,45,0,15,1,63,11,2022-02-18 16:30:04,2025-11-25 22:26:20
19571,2589,45,0,15,1,21,1,2022-02-25 18:53:47,2025-03-20 12:52:44
19588,2554,60,0,15,1,28,11,2022-03-09 13:21:38,2026-03-06 22:12:28
19602,1514,60,0,0,1,10,1,2022-03-16 23:33:21,2022-10-07 00:28:00
19649,2573,105,0,15,1,73,10,2022-04-01 20:39:32,2024-02-15 20:00:56
19687,2607,60,0,30,1,8,6,2022-04-19 07:36:32,2026-04-30 14:47:37
19701,2532,30,0,15,1,74,2,2022-04-20 23:32:08,2025-11-25 22:26:20
19704,2532,30,0,15,1,77,2,2022-04-21 18:11:58,2025-11-25 22:26:20
19731,2608,60,0,30,0,2,11,2022-05-19 16:49:36,2025-07-25 15:51:31
19733,2608,60,0,30,1,4,10,2022-05-19 16:49:36,2025-02-26 17:55:35
19736,2608,60,0,30,1,7,15,2022-05-19 16:49:36,2026-05-05 16:14:21
19737,2608,60,0,30,1,9,10,2022-05-19 16:49:36,2023-07-19 15:49:02
19795,2516,60,0,60,1,62,5,2022-06-13 13:58:44,2024-03-15 14:17:57
19806,2532,30,0,15,1,83,11,2022-06-17 15:52:36,2025-11-25 22:26:20
19850,2591,30,0,30,1,13,2,2022-07-18 13:20:47,2024-09-12 15:05:30
19978,2585,60,0,0,1,37,15,2022-09-29 22:10:07,2026-05-06 02:28:06
20002,2573,630,0,0,0,82,1,2022-10-13 20:35:26,2023-09-05 16:47:48
20027,2622,60,0,30,1,2,2,2022-10-24 16:03:57,2023-05-15 10:53:12
20068,2620,60,0,15,1,2,6,2022-11-07 15:35:13,2024-07-18 22:05:30
20125,2554,60,0,15,1,33,11,2023-01-25 14:51:30,2026-03-06 22:12:29
20140,2536,30,0,0,1,18,1,2023-02-02 13:53:00,2025-07-28 18:03:16
20159,2519,60,0,0,0,10,1,2023-02-15 17:11:17,2023-03-02 13:31:51
20165,2601,60,0,15,1,22,2,2023-02-16 15:48:24,2023-08-22 14:25:44
20194,2625,60,0,30,1,7,11,2023-02-28 18:37:39,2023-09-15 14:00:08
20199,2625,60,0,30,1,11,6,2023-02-28 18:37:39,2023-09-15 14:00:51
20204,2625,60,0,30,1,17,11,2023-02-28 18:37:39,2023-09-15 14:04:34
20213,2357,60,0,30,1,37,10,2023-03-06 19:55:34,2024-11-21 19:56:40
20228,2623,60,0,0,1,8,1,2023-03-13 21:04:35,2023-06-22 23:13:59
20232,2623,30,0,0,1,12,1,2023-03-13 21:04:36,2023-06-22 23:14:28
20255,2623,60,0,15,1,38,1,2023-03-13 21:04:37,2023-05-03 21:31:27
20257,2623,60,0,15,1,40,1,2023-03-13 21:04:37,2023-05-03 21:30:50
20277,2623,90,0,15,1,61,1,2023-03-13 21:04:39,2023-05-03 21:34:26
20298,2623,60,0,15,1,82,1,2023-03-13 21:04:40,2023-05-03 21:35:50
20304,2568,15,0,0,1,12,1,2023-03-14 18:18:55,2023-03-23 16:48:50
20388,2627,45,0,15,1,2,5,2023-04-21 13:45:24,2023-12-22 16:13:33
20404,2623,300,0,0,1,91,1,2023-04-24 14:42:42,2023-05-03 21:18:20
20412,2623,30,0,0,1,6,1,2023-04-25 15:42:16,2023-06-22 23:13:45
20447,2534,60,0,0,1,12,2,2023-05-15 14:00:19,2023-05-15 14:07:53
20456,2601,45,0,15,1,36,2,2023-05-26 14:09:09,2023-05-26 14:10:05
20465,2624,60,0,0,1,14,7,2023-05-29 14:38:51,2026-03-13 02:42:13
20466,2624,60,0,0,0,15,7,2023-05-29 14:38:51,2025-02-07 16:11:04
20470,2624,60,0,0,1,21,10,2023-05-29 14:38:51,2026-03-13 02:42:14
20471,2624,60,0,0,1,22,6,2023-05-29 14:38:51,2026-03-13 02:42:15
20475,2624,60,0,0,1,27,2,2023-05-29 14:38:51,2026-03-13 02:42:16
20479,2624,60,0,0,1,8,15,2023-05-29 14:38:51,2026-03-13 02:42:18
20522,2546,60,0,30,1,36,5,2023-07-12 18:31:28,2025-06-11 18:30:40
20527,2591,60,0,30,1,20,1,2023-07-19 15:20:10,2024-09-12 18:21:43
20560,2117,60,0,15,1,3,1,2023-08-08 20:35:07,2025-12-17 20:39:52
20569,1429,45,0,15,1,7,1,2023-08-10 14:11:21,2023-08-10 15:13:30
20598,1365,90,0,0,0,31,1,2023-08-17 21:46:49,2025-12-21 22:47:41
20602,2619,60,0,0,1,70,1,2023-08-18 22:45:35,2025-12-02 17:49:07
20604,2619,60,0,0,1,73,1,2023-08-18 22:46:38,2025-11-26 17:17:53
20634,2630,60,0,0,1,18,10,2023-08-29 21:44:12,2024-09-13 18:09:32
20644,2631,90,0,15,1,3,7,2023-08-31 15:09:12,2026-04-06 14:06:21
20647,2631,90,0,0,0,31,11,2023-08-31 15:09:12,2025-11-17 17:05:47
20658,2631,45,0,0,1,12,1,2023-08-31 15:09:13,2026-03-30 13:23:42
20667,2631,45,0,0,1,32,7,2023-08-31 15:09:13,2025-04-30 21:00:47
20670,2631,90,0,0,1,36,7,2023-08-31 15:09:13,2025-04-30 20:55:37
20685,2507,90,0,0,0,25,10,2023-09-01 23:44:09,2024-12-02 18:07:23
20704,2632,60,0,0,1,19,15,2023-09-07 01:14:13,2025-04-07 23:05:35
20705,2632,60,0,0,1,21,10,2023-09-07 01:14:13,2025-04-07 23:05:35
20706,2632,60,0,0,1,22,10,2023-09-07 01:14:13,2025-04-07 23:05:35
20720,2532,60,0,30,1,96,3,2023-09-14 16:41:20,2025-11-25 22:26:20
20729,2532,45,0,15,1,100,11,2023-09-19 23:48:03,2025-11-25 22:26:20
20748,2554,30,0,15,1,35,12,2023-09-28 16:01:43,2026-03-06 22:12:29
20776,2532,60,0,0,1,102,2,2023-10-12 23:21:46,2025-11-25 22:26:20
20777,2630,30,0,0,1,27,7,2023-10-13 13:04:52,2024-09-13 18:09:32
20868,2624,60,0,0,1,38,1,2023-12-08 02:50:25,2026-01-25 02:01:38
20877,2634,60,0,0,1,7,1,2023-12-12 17:00:13,2024-01-09 21:09:54
20878,2634,60,0,0,1,8,1,2023-12-12 17:00:13,2024-01-09 21:10:06
20883,2634,60,0,0,1,13,1,2023-12-12 17:00:13,2025-12-16 17:18:57
20894,2468,30,0,10,1,25,1,2023-12-12 20:57:30,2023-12-15 18:32:00
21017,2639,45,0,15,1,37,1,2024-03-04 06:59:30,2026-03-02 19:58:34
21018,2639,45,0,15,1,20,1,2024-03-04 06:59:30,2026-03-02 19:58:34
21026,2639,45,0,15,1,10,1,2024-03-04 06:59:30,2026-03-02 19:45:50
21041,2509,15,0,15,1,39,1,2024-03-12 15:28:00,2026-03-20 17:55:10
21076,2623,60,0,0,1,140,1,2024-04-18 19:04:47,2024-08-02 15:50:48
21089,2589,90,0,0,0,41,1,2024-05-03 14:45:31,2025-05-28 17:35:01
21090,2589,60,0,0,0,42,1,2024-05-03 14:47:43,2025-05-28 17:35:05
21125,2593,60,0,30,1,35,1,2024-05-15 17:29:46,2024-08-01 14:11:14
21170,2624,30,0,30,1,5,15,2024-06-03 01:27:10,2026-03-13 02:42:22
21184,2624,30,0,30,1,4,15,2024-06-17 00:12:46,2026-03-13 02:42:22
21193,2623,60,0,15,1,184,1,2024-06-28 13:42:03,2025-04-08 18:52:10
21229,2510,90,0,0,1,20,10,2024-07-29 22:20:46,2024-10-22 15:21:38
21246,2510,60,0,0,1,19,10,2024-08-06 13:54:44,2025-01-07 15:59:31
21248,2507,90,0,0,1,14,10,2024-08-08 21:39:55,2024-10-22 15:35:48
21257,2512,60,0,0,1,15,10,2024-08-08 21:49:17,2025-01-07 15:59:45
21273,2532,15,0,15,1,66,1,2024-09-10 21:50:16,2025-11-25 22:26:20
21286,2512,90,0,0,1,30,10,2024-09-12 18:32:53,2025-03-18 15:22:55
21289,2512,90,0,0,1,27,3,2024-09-12 18:36:02,2025-03-18 15:22:55
21292,2510,90,0,0,1,33,10,2024-09-12 18:42:42,2025-03-18 15:22:52
21293,2510,90,0,0,1,28,3,2024-09-12 18:43:56,2026-04-01 13:32:10
21318,2552,30,0,0,1,50,1,2024-10-01 14:38:21,2024-10-29 13:08:21
21372,2468,40,0,0,1,32,1,2024-10-15 19:47:09,2024-10-15 19:47:16
21427,2589,30,0,0,1,53,1,2024-11-25 14:46:42,2025-11-24 22:41:46
21438,2620,60,0,15,1,33,12,2024-12-06 19:16:52,2025-09-16 22:34:12
21454,2648,60,0,15,1,13,1,2024-12-17 14:43:16,2025-04-02 18:39:11
21461,2521,60,0,0,1,40,1,2024-12-19 22:03:16,2026-02-26 15:10:38
21462,2521,60,0,0,1,41,1,2024-12-19 22:04:21,2026-02-26 15:10:38
21466,2521,60,0,0,1,45,1,2024-12-19 22:13:00,2026-02-26 15:10:38
21468,2521,60,0,0,1,47,1,2024-12-19 22:14:46,2026-02-26 15:10:38
21477,2521,60,0,0,1,53,1,2024-12-20 14:11:25,2026-02-26 15:10:38
21478,2521,60,0,0,1,54,1,2024-12-20 14:11:50,2026-02-26 15:10:38
21482,2521,60,0,0,1,58,1,2024-12-20 14:16:06,2026-02-26 15:10:38
21508,2649,45,0,0,1,15,1,2025-01-08 17:04:56,2025-09-26 14:14:05
21543,2624,60,0,0,1,26,16,2025-01-26 06:32:52,2026-03-13 02:42:26
21599,2650,90,0,0,1,3,1,2025-03-14 16:24:21,2025-06-26 21:56:25
21606,2650,90,0,0,1,10,1,2025-03-14 16:24:21,2026-02-06 15:30:05
21687,2631,90,0,0,1,48,1,2025-04-10 18:18:10,2025-04-10 18:18:10
21726,2608,30,0,15,1,38,7,2025-05-08 16:45:09,2025-10-21 18:53:59
21752,2567,45,0,15,1,51,15,2025-05-21 17:37:47,2025-09-11 23:44:26
21763,2624,60,0,30,1,59,12,2025-05-29 02:13:01,2026-03-13 02:42:27
21772,2649,45,0,0,1,28,1,2025-05-30 12:27:16,2025-09-26 14:14:06
21805,2651,60,0,15,1,1,1,2025-06-16 17:09:56,2025-07-30 16:45:55
21815,2651,60,0,15,1,11,1,2025-06-16 17:20:21,2025-07-30 17:48:00
21822,2521,60,0,0,1,60,1,2025-06-19 20:20:19,2026-03-17 14:32:46
21845,2649,30,0,0,1,37,1,2025-07-14 17:57:28,2025-09-26 14:14:06
21860,2430,45,0,0,1,46,1,2025-07-24 16:08:35,2025-07-24 16:09:40
21926,2649,30,0,0,1,52,1,2025-09-26 14:08:58,2025-09-26 14:14:07
21928,2649,30,0,0,1,54,1,2025-09-26 14:10:23,2025-09-26 14:14:07
21946,2589,45,0,0,1,65,1,2025-10-21 19:30:15,2025-10-30 14:39:45
22146,2554,30,0,0,1,83,1,2026-03-04 22:49:25,2026-03-09 16:48:16
254,42,60,0,0,1,10,1,2011-09-20 12:45:23,2025-10-10 19:54:32
522,68,60,0,15,1,3,1,2011-11-02 16:33:07,2025-12-26 20:55:01
808,135,60,0,15,1,11,1,2012-01-22 05:06:25,2025-02-27 23:03:04
989,216,90,0,0,1,10,1,2012-03-20 12:09:53,2012-03-20 12:09:53
1241,109,105,0,0,1,19,1,2012-04-26 19:01:07,2012-04-26 19:01:07
1303,292,15,0,0,1,3,1,2012-05-25 14:40:40,2012-05-25 14:40:40
1387,316,60,0,15,1,3,1,2012-06-19 01:44:16,2025-07-01 02:11:17
1468,323,60,0,0,1,1,1,2012-06-27 17:06:56,2013-05-14 13:47:18
1645,4,360,0,0,0,1,1,2012-08-31 16:44:38,2012-11-07 17:12:40
2163,510,15,0,0,1,18,1,2013-02-11 19:55:59,2023-05-09 19:39:03
2318,554,60,0,0,1,1,1,2013-03-30 21:01:24,2013-03-30 21:01:24
2615,608,90,0,0,0,0,1,2013-05-21 03:12:10,2020-01-09 16:20:05
3145,674,45,0,0,1,2,1,2013-07-20 14:05:48,2013-07-20 14:11:38
3257,702,30,0,0,1,1,1,2013-07-31 22:26:37,2013-07-31 22:26:37
3419,730,30,0,0,1,15,1,2013-08-23 01:41:22,2015-09-01 21:24:41
3575,757,15,0,0,1,2,1,2013-09-17 21:46:07,2013-09-17 21:46:48
4047,54,60,0,15,1,56,1,2014-01-05 23:34:59,2014-03-02 22:39:25
4218,901,30,0,15,0,2,1,2014-01-27 19:33:25,2014-04-17 02:48:01
4274,486,75,0,0,1,4,1,2014-01-31 00:42:53,2026-02-21 00:13:59
4333,923,60,0,20,0,4,1,2014-02-04 20:50:07,2025-02-03 17:18:27
4411,936,15,0,0,1,1,1,2014-02-11 16:38:09,2015-03-03 21:23:34
4498,874,30,0,0,1,13,1,2014-02-18 23:00:42,2014-02-18 23:00:42
4579,967,90,0,30,1,3,1,2014-03-01 04:59:32,2025-12-30 19:16:40
4643,981,15,0,0,1,5,1,2014-03-12 18:20:12,2022-09-19 21:42:54
4960,661,45,0,0,1,38,1,2014-04-17 00:57:58,2021-01-08 19:51:23
5024,1038,60,0,30,0,22,1,2014-04-23 22:03:46,2015-04-08 16:18:52
5621,1149,45,0,15,1,2,1,2014-07-21 15:47:17,2026-03-09 17:16:40
5622,1149,60,0,15,1,3,1,2014-07-21 15:48:26,2026-03-09 17:17:35
5685,1180,120,0,0,0,11,1,2014-07-28 20:06:57,2015-09-07 03:23:13
5839,861,105,0,15,0,0,1,2014-08-12 18:14:30,2014-09-13 03:16:15
6520,1317,45,0,0,1,4,1,2014-11-14 19:27:26,2025-03-20 14:26:58
6738,1362,30,0,0,0,0,1,2014-12-23 03:56:10,2014-12-23 04:05:36
6852,1378,60,0,15,0,18,1,2015-01-11 22:45:24,2025-07-21 20:29:48
7158,1435,120,0,0,1,4,1,2015-02-28 21:06:54,2025-06-18 20:50:22
7370,510,30,0,0,1,3,1,2015-03-19 22:19:13,2024-12-09 19:09:13
7519,1486,60,0,15,1,4,1,2015-04-06 06:16:51,2023-06-05 05:40:53
7551,1500,120,0,30,1,1,1,2015-04-13 22:13:34,2026-02-17 22:40:34
7887,1553,60,0,15,1,5,1,2015-05-14 06:31:05,2023-09-18 08:39:36
7957,1569,120,0,30,1,1,1,2015-05-25 18:34:35,2026-05-12 20:05:02
8735,981,15,0,0,1,3,1,2015-08-14 20:56:23,2022-08-20 13:37:42
8901,1741,45,0,30,1,41,1,2015-08-31 14:45:11,2025-12-16 15:38:31
8957,1742,45,0,0,1,18,1,2015-09-02 12:27:45,2015-09-02 12:28:22
9048,1482,90,0,0,1,41,1,2015-09-09 16:10:15,2015-09-09 16:24:01
9264,1802,75,0,0,0,9,1,2015-10-05 23:22:47,2016-08-14 21:48:45
9268,1802,90,0,0,1,31,1,2015-10-05 23:37:57,2026-04-26 18:30:34
9383,265,25,0,30,1,7,1,2015-10-08 22:14:12,2015-10-08 22:16:56
9685,67,60,0,0,1,74,1,2015-11-13 18:55:05,2016-10-19 18:03:20
10677,1995,60,0,0,1,2,1,2016-02-17 19:27:40,2016-02-17 19:27:47
10767,1292,30,0,0,1,13,1,2016-02-26 19:48:10,2023-11-08 13:53:01
11005,2026,120,0,0,1,2,1,2016-03-22 19:32:11,2021-09-08 19:37:01
11306,249,420,0,0,0,0,1,2016-04-29 22:31:18,2017-03-24 04:43:27
11528,2108,90,0,15,1,1,1,2016-05-28 19:47:50,2016-05-28 19:57:33
11563,2133,60,0,0,1,5,1,2016-06-03 22:33:56,2025-08-11 06:10:41
12078,1802,45,0,0,1,10,1,2016-08-11 18:01:54,2024-05-16 15:28:12
12554,2345,30,0,0,1,3,1,2016-09-30 18:16:57,2018-03-29 16:39:35
12681,2357,60,0,30,1,11,10,2016-10-14 20:05:28,2024-11-21 19:46:17
12682,2357,60,0,30,1,8,15,2016-10-14 20:06:25,2024-11-21 19:45:20
13156,1292,75,0,0,0,24,1,2017-01-06 11:43:54,2025-06-14 18:14:33
13419,1992,30,0,15,1,23,1,2017-03-04 14:55:53,2018-03-27 13:27:38
13918,1005,60,0,0,1,1,1,2017-05-28 15:19:29,2018-07-16 04:01:57
13924,2396,30,0,0,1,8,1,2017-05-31 15:29:44,2026-04-27 20:23:03
14230,1794,120,0,60,1,1,1,2017-08-28 16:48:41,2025-06-20 16:00:08
14548,1683,15,1,0,1,6,1,2017-11-17 22:08:53,2025-07-22 21:18:53
14743,2468,20,0,5,0,1,1,2018-01-02 23:24:51,2023-12-12 20:38:17
14822,1683,45,1,0,1,2,1,2018-01-25 22:10:22,2025-07-22 21:18:53
14871,2481,30,0,0,1,7,1,2018-02-09 00:57:36,2019-02-27 03:26:51
14914,2479,45,0,15,1,6,1,2018-02-20 19:01:04,2023-08-11 18:08:20
15181,2496,90,0,15,1,3,12,2018-04-11 18:50:21,2026-04-07 22:20:59
15184,2496,30,0,0,1,18,10,2018-04-12 16:26:59,2023-02-24 18:31:54
15185,2496,45,0,15,1,17,16,2018-04-12 16:27:24,2023-08-16 15:46:52
15189,2496,90,0,0,1,6,15,2018-04-12 16:29:51,2023-08-15 20:13:57
15192,2496,60,0,30,1,7,11,2018-04-12 16:30:46,2026-03-30 23:55:02
15193,2496,60,0,30,1,10,11,2018-04-12 16:31:09,2026-03-30 23:55:14
15196,2496,30,0,15,0,16,2,2018-04-12 16:33:02,2026-05-04 23:32:09
15259,2133,60,0,0,1,13,1,2018-05-15 21:39:43,2025-09-10 13:47:07
15594,2502,30,0,15,1,16,1,2018-08-08 17:41:18,2020-02-13 22:21:51
15757,2507,90,0,0,1,1,2,2018-09-04 17:31:17,2026-04-01 13:39:23
15762,2507,90,0,0,1,4,15,2018-09-04 17:36:40,2024-10-22 15:33:58
15771,2507,45,0,0,1,10,3,2018-09-04 18:05:25,2026-04-01 13:39:45
15772,2507,45,0,0,1,9,11,2018-09-04 18:09:20,2024-10-25 16:18:06
15775,2510,90,0,0,1,1,2,2018-09-04 20:13:23,2026-04-01 13:30:32
15782,2510,90,0,0,1,8,11,2018-09-04 20:19:19,2024-10-22 15:19:43
15787,2510,60,0,0,1,17,10,2018-09-04 20:57:38,2024-10-22 15:21:12
15788,2510,90,0,0,1,18,10,2018-09-04 20:58:14,2024-10-22 15:21:22
15791,2510,45,0,0,1,9,11,2018-09-04 21:02:44,2024-10-25 16:21:02
15810,2512,60,0,0,1,2,2,2018-09-04 17:34:36,2024-10-22 15:10:58
15812,2512,60,0,0,1,5,7,2018-09-04 17:35:53,2026-04-01 13:20:54
15878,2503,60,0,0,1,4,12,2018-09-12 16:40:53,2026-04-29 17:08:35
15880,2503,60,0,0,1,7,10,2018-09-12 16:44:01,2023-11-20 20:58:56
15883,2503,60,0,0,1,6,7,2018-09-12 16:49:07,2023-11-20 20:58:56
15923,2505,60,0,30,1,11,6,2018-09-19 16:52:01,2024-02-12 21:53:50
15928,2505,30,0,15,1,1,8,2018-09-19 16:57:19,2020-10-19 20:10:16
15963,1514,60,0,0,1,8,1,2018-10-09 22:57:15,2022-10-07 00:28:00
16002,2357,30,0,30,1,14,7,2018-10-18 13:51:43,2024-11-21 19:48:04
16004,1514,60,0,0,1,25,1,2018-10-18 17:46:55,2025-07-07 23:46:04
16060,2516,60,1,60,1,24,1,2018-10-29 13:32:11,2026-01-08 17:36:58
16081,2516,60,0,60,1,25,7,2018-10-29 13:58:29,2026-01-08 17:38:13
16142,2519,60,0,0,1,27,16,2018-11-06 20:21:19,2025-07-30 20:31:29
16192,1553,60,0,15,1,6,1,2018-11-13 05:31:56,2023-09-18 08:39:37
16327,2101,75,0,15,1,4,1,2018-12-04 22:58:23,2026-04-02 14:43:53
16401,2521,60,0,0,0,1,2,2018-12-13 18:57:34,2025-08-13 20:52:21
16405,2521,60,0,0,1,6,15,2018-12-13 19:05:05,2023-03-29 14:36:20
16407,2521,60,0,0,1,8,15,2018-12-13 19:06:34,2023-03-13 14:45:10
16476,2516,60,0,60,1,2,5,2019-01-07 16:31:22,2026-02-06 14:40:20
16531,2525,60,1,15,1,17,10,2019-01-24 17:00:34,2025-06-21 04:49:37
16545,2527,180,0,60,1,1,1,2019-01-25 22:57:55,2025-08-25 16:30:57
16563,2521,90,0,0,1,20,10,2019-01-30 22:30:17,2023-03-13 14:55:06
16565,2519,60,0,0,1,17,11,2019-01-31 02:19:41,2025-07-30 20:30:18
16567,2519,60,0,0,1,18,11,2019-01-31 02:27:42,2025-07-30 20:30:23
16569,2519,60,0,0,1,7,7,2019-01-31 02:46:24,2025-07-30 20:29:12
16577,2524,90,0,0,1,9,12,2019-01-31 15:49:48,2025-03-06 18:45:27
16581,2524,30,0,0,1,13,7,2019-01-31 15:52:59,2024-05-13 16:28:43
16639,2523,30,0,15,1,4,10,2019-02-15 20:32:16,2025-06-21 04:46:59
16640,2523,30,0,15,1,5,16,2019-02-15 20:32:42,2025-06-21 04:46:59
16660,2523,30,0,15,1,30,11,2019-02-15 20:54:24,2025-06-21 04:47:00
16733,2519,60,0,0,1,32,7,2019-03-05 22:03:43,2025-07-30 20:31:58
16738,2519,60,0,0,1,29,10,2019-03-05 22:06:45,2025-07-30 20:31:41
16748,2523,90,0,30,1,32,10,2019-03-11 23:28:06,2025-06-21 04:47:00
16835,2525,30,0,15,1,10,11,2019-04-05 23:55:16,2025-06-21 04:49:38
16842,2525,60,0,15,1,11,15,2019-04-10 15:53:09,2025-06-21 04:49:38
16910,2531,60,0,15,1,9,15,2019-05-07 12:44:08,2025-05-05 17:53:53
16926,2525,60,0,15,1,19,10,2019-05-10 17:51:28,2025-06-21 04:49:38
16952,2536,15,0,0,0,0,1,2019-05-14 17:54:32,2019-05-14 18:19:07
16967,2496,60,0,30,1,8,15,2019-05-21 15:58:33,2026-03-30 23:54:48
16970,2532,30,0,15,1,8,3,2019-05-21 22:10:07,2025-11-25 22:26:20
16999,2534,60,0,0,1,4,11,2019-06-10 19:48:05,2023-04-25 14:13:20
17001,2534,60,0,0,1,6,10,2019-06-10 20:15:10,2022-08-08 12:31:15
17219,2542,60,0,0,1,7,2,2019-09-13 15:14:09,2024-03-22 16:46:08
17221,2542,60,0,0,1,10,11,2019-09-13 15:17:42,2024-03-22 16:46:08
17225,2542,60,0,0,1,11,11,2019-09-13 15:24:36,2024-03-22 16:46:08
17227,2542,60,0,0,0,16,16,2019-09-13 15:26:38,2025-03-18 21:45:36
17228,2542,90,0,0,1,17,10,2019-09-13 15:27:14,2025-02-24 17:41:08
17515,2496,90,0,15,1,21,10,2019-11-21 22:00:58,2020-10-26 14:31:47
17534,2496,5,0,0,1,26,14,2019-12-04 21:22:22,2020-05-07 18:15:19
17571,2547,60,0,0,1,11,1,2020-01-02 16:26:07,2026-02-11 15:53:28
17696,2546,90,0,30,1,7,6,2020-02-13 14:34:17,2025-05-23 18:24:32
17732,2546,30,0,30,1,23,6,2020-03-12 15:46:28,2025-06-11 18:30:44
17758,2532,45,0,15,1,26,15,2020-03-23 08:09:25,2025-11-25 22:26:20
17765,2521,60,0,0,0,2,15,2020-03-23 17:31:19,2025-08-13 20:52:31
17788,2519,60,0,0,1,19,11,2020-04-06 18:39:47,2025-07-30 20:31:12
17790,2496,30,0,0,1,2,3,2020-04-06 20:09:18,2026-04-07 22:20:59
17810,2516,60,0,60,1,18,1,2020-04-21 13:41:27,2024-03-14 18:12:32
17826,2536,30,0,15,1,10,8,2020-05-01 21:52:45,2023-03-28 19:31:18
17852,2532,45,0,15,1,34,8,2020-05-06 21:45:58,2025-11-25 22:26:20
17870,2521,60,0,0,0,4,10,2020-05-12 17:49:49,2025-08-13 20:52:45
17871,2546,60,0,30,1,11,10,2020-05-13 16:41:55,2025-06-11 19:25:20
17876,2532,15,0,15,1,21,1,2020-05-19 18:07:33,2025-11-25 22:26:20
17894,2551,45,0,15,1,2,15,2020-05-28 14:53:37,2022-12-30 21:20:55
17898,2551,30,0,15,1,6,11,2020-05-28 14:53:37,2021-07-06 01:01:14
17901,2551,45,0,15,1,9,18,2020-05-28 14:53:37,2024-06-06 22:29:57
17904,2551,45,0,15,1,12,16,2020-05-28 14:53:38,2021-07-06 01:01:57
17943,2554,60,0,30,1,6,15,2020-06-04 14:20:41,2026-03-06 22:12:29
17944,2554,30,0,0,1,7,15,2020-06-04 14:20:41,2026-03-06 22:12:29
17946,2554,30,0,15,1,10,11,2020-06-04 14:20:41,2026-03-06 22:12:29
17947,2554,30,0,15,1,11,10,2020-06-04 14:20:42,2026-03-06 22:12:30
17955,2554,60,0,30,1,20,3,2020-06-04 14:20:43,2026-03-06 22:12:28
17958,2554,60,0,0,1,21,2,2020-06-04 14:52:40,2026-03-06 22:12:29
17996,2532,60,0,0,1,3,1,2020-06-15 00:34:34,2026-02-25 19:43:26
18001,2556,60,0,30,1,1,2,2020-06-17 19:13:35,2025-06-21 04:54:18
18119,220,105,0,0,1,168,1,2020-08-31 14:43:57,2020-10-09 17:10:11
18132,2562,45,0,15,1,3,7,2020-09-02 13:57:29,2026-01-05 16:05:12
18133,2562,60,0,15,1,5,12,2020-09-02 13:57:29,2026-01-05 16:05:12
18158,1802,60,0,0,1,6,1,2020-09-16 17:59:33,2025-01-13 15:28:35
18163,2546,60,0,30,1,27,6,2020-09-17 15:38:10,2026-01-16 14:51:06
18233,2505,45,0,0,1,18,18,2020-10-19 19:39:15,2020-10-23 22:12:03
18239,2532,45,0,15,1,39,11,2020-10-22 04:21:18,2025-11-25 22:26:20
18248,2559,30,0,30,0,2,1,2020-10-29 07:44:33,2022-02-01 00:18:29
18258,2532,45,0,15,1,40,15,2020-10-30 21:19:49,2025-11-25 22:26:20
18262,2537,60,0,0,1,38,7,2020-11-02 20:19:22,2024-08-21 16:55:31
18281,2537,60,0,0,1,57,18,2020-11-02 21:32:38,2024-08-21 16:57:28
18282,2537,60,0,0,1,58,18,2020-11-02 21:33:53,2024-08-12 05:01:15
18294,2567,45,0,15,1,9,15,2020-11-03 17:38:10,2025-05-23 22:20:00
18302,2567,60,0,15,1,19,10,2020-11-03 17:38:10,2025-05-23 22:34:19
18305,2567,30,0,15,1,26,15,2020-11-03 17:38:11,2025-05-23 22:31:58
18317,1131,120,0,30,0,1,1,2020-11-10 00:06:03,2025-10-10 18:29:18
18330,2509,60,0,30,0,63,11,2020-11-11 14:26:50,2024-06-19 11:37:57
18337,2509,60,0,30,1,54,10,2020-11-11 14:30:56,2026-02-04 14:43:38
18340,2509,60,0,30,1,31,10,2020-11-11 14:34:41,2026-02-03 19:42:05
18343,2509,60,0,30,0,69,10,2020-11-11 14:36:21,2024-06-19 11:37:32
18424,2568,120,0,0,1,4,1,2020-11-27 18:47:27,2023-02-15 15:57:04
18426,2568,20,0,0,1,6,1,2020-11-27 18:47:27,2023-02-15 15:57:04
18444,2525,60,0,15,1,27,10,2020-12-07 20:59:43,2025-06-21 04:49:39
18449,2567,30,0,15,1,22,1,2020-12-09 19:45:11,2025-05-23 22:12:27
18460,2505,45,0,0,1,21,7,2020-12-15 00:41:07,2022-03-04 18:31:45
18518,2551,45,0,15,1,33,15,2020-12-30 22:50:11,2022-05-20 16:16:28
18528,2554,15,0,0,1,56,1,2021-01-05 15:02:17,2026-03-06 22:12:28
18589,1871,30,0,0,0,177,1,2021-01-13 15:43:00,2021-01-13 15:52:50
18631,2575,60,0,0,1,7,11,2021-01-21 19:32:28,2023-02-10 23:35:33
18675,2563,60,0,15,1,2,2,2021-01-26 17:42:25,2021-03-01 23:08:59
18694,2563,90,0,15,1,21,12,2021-01-26 17:42:25,2021-04-08 00:58:22
18702,2563,60,0,15,1,29,6,2021-01-26 17:42:25,2021-02-05 19:54:28
18713,2570,240,1,0,0,5,1,2021-02-02 20:46:53,2024-07-11 00:16:48
18734,2573,60,0,15,1,19,11,2021-02-12 16:44:40,2023-05-26 13:58:55
18738,2573,45,0,15,1,10,2,2021-02-12 16:44:40,2024-06-10 19:54:34
18793,2532,45,0,30,1,48,10,2021-03-01 19:36:10,2026-01-27 00:37:46
18796,2534,60,1,15,1,10,3,2021-03-02 13:40:30,2024-01-05 14:26:15
18868,2585,60,0,0,1,13,10,2021-04-07 13:53:01,2026-04-29 17:10:09
18870,2585,60,0,0,1,15,10,2021-04-07 13:53:01,2026-04-29 17:11:16
18914,2554,30,0,0,1,43,12,2021-04-23 11:43:13,2026-03-06 22:12:28
18951,2532,30,0,15,1,49,2,2021-05-07 15:58:17,2025-11-25 22:26:20
18952,2532,45,0,15,1,50,3,2021-05-07 16:15:18,2025-11-25 22:26:20
18988,2591,60,0,30,1,4,1,2021-05-31 19:31:03,2024-09-12 14:37:51
18990,2592,60,0,30,1,3,1,2021-05-31 20:09:33,2024-09-12 14:51:27
19040,2563,60,0,15,1,47,10,2021-06-09 22:25:13,2021-06-23 16:29:47
19069,2593,60,0,0,1,21,1,2021-06-18 06:38:30,2021-11-25 22:26:39
19103,2563,60,0,15,1,50,3,2021-07-05 05:13:09,2021-07-22 15:52:34
19123,2589,45,0,0,1,60,1,2021-07-05 16:38:06,2025-11-24 22:41:46
19182,2566,30,0,0,1,34,1,2021-07-29 17:31:18,2022-11-22 18:22:49
19188,2551,45,0,0,1,36,10,2021-08-04 18:53:52,2024-02-12 23:24:23
19196,2510,90,0,0,1,5,15,2021-08-11 03:43:13,2024-10-22 15:19:09
19200,2507,90,0,0,1,5,15,2021-08-11 03:57:21,2024-10-22 15:34:07
19229,2589,45,0,0,1,9,1,2021-08-25 17:32:43,2025-11-24 22:41:34
19251,202,60,0,15,1,7,1,2021-09-02 22:16:59,2025-10-02 15:08:52
19259,2592,30,0,30,1,9,1,2021-09-03 15:20:00,2023-12-19 15:26:36
19301,2596,60,0,0,1,4,2,2021-09-10 18:04:14,2024-08-27 21:07:55
19305,2596,60,0,0,1,8,10,2021-09-10 18:04:14,2024-06-21 17:49:19
19308,2596,60,0,0,1,11,11,2021-09-10 18:04:14,2024-06-21 17:49:19
19317,2596,60,0,0,1,23,6,2021-09-10 18:04:15,2024-06-21 17:49:20
19343,2597,60,0,30,1,10,11,2021-09-13 23:20:56,2022-02-01 15:16:42
19363,2596,15,0,0,1,1,7,2021-09-23 16:27:15,2021-09-23 16:31:16
19408,2552,15,0,15,1,21,1,2021-10-16 01:26:02,2022-09-16 12:05:44
19434,2570,60,0,0,1,9,1,2021-11-02 21:13:13,2025-11-26 23:49:10
19443,2532,45,0,15,1,22,11,2021-11-09 16:44:53,2025-11-25 22:26:20
19457,2554,15,0,15,0,58,15,2021-11-24 14:27:49,2025-05-01 12:08:08
19458,2596,60,0,0,1,55,7,2021-11-25 16:09:45,2022-10-03 13:15:58
19526,2532,60,0,30,1,61,10,2022-01-20 18:06:45,2025-11-25 22:26:20
19553,2536,60,0,0,1,12,1,2022-02-11 21:43:42,2023-03-28 13:51:56
19613,2531,15,0,10,1,17,1,2022-03-23 17:29:05,2025-05-05 17:53:53
19619,2554,60,0,30,0,61,12,2022-03-28 12:23:44,2025-02-28 23:24:13
19626,2604,15,0,0,1,8,1,2022-03-29 18:48:39,2024-10-10 18:19:12
19627,2604,15,0,0,1,9,1,2022-03-29 18:50:30,2024-10-10 18:19:20
19641,2591,20,0,30,1,6,1,2022-03-30 14:40:20,2024-09-12 14:48:18
19642,2592,20,0,30,1,5,1,2022-03-30 16:07:04,2024-09-12 14:52:19
19648,2573,45,0,15,1,72,11,2022-04-01 14:18:03,2023-05-26 14:03:12
19651,2603,60,0,30,1,1,2,2022-04-04 14:01:03,2024-03-14 15:54:16
19652,2603,30,0,15,1,2,11,2022-04-04 14:01:03,2024-03-14 15:53:53
19654,2603,60,0,30,1,4,15,2022-04-04 14:01:03,2023-05-10 23:16:58
19675,2516,60,0,0,1,54,5,2022-04-14 18:36:59,2024-03-15 14:17:57
19679,2607,60,0,30,1,13,8,2022-04-19 07:36:31,2026-04-30 14:48:36
19688,2607,60,0,30,1,11,10,2022-04-19 07:36:32,2026-04-30 14:47:37
19702,2532,15,0,15,1,75,15,2022-04-20 23:49:18,2025-11-25 22:26:20
19703,2532,15,0,15,1,76,11,2022-04-21 17:40:34,2025-11-25 22:26:20
19718,93,60,0,30,1,5,1,2022-05-04 16:44:31,2022-05-05 17:28:13
19724,2601,15,0,15,1,9,10,2022-05-10 15:43:05,2023-04-01 14:34:45
19734,2608,60,0,30,1,5,11,2022-05-19 16:49:36,2025-02-27 23:27:13
19744,2608,60,0,30,1,16,7,2022-05-19 16:49:36,2023-06-08 13:53:00
19749,2611,30,1,0,1,1,1,2022-05-25 05:35:11,2023-01-26 14:32:52
19779,2589,30,0,0,1,32,1,2022-06-07 17:15:41,2025-11-24 22:41:46
19811,2532,45,0,15,1,86,3,2022-06-21 16:09:04,2025-11-25 22:26:20
19871,2604,30,0,0,1,12,1,2022-08-08 16:30:02,2025-05-08 15:28:42
19873,2573,300,0,0,0,74,1,2022-08-12 19:37:13,2023-09-05 16:48:04
20034,2622,60,0,30,1,9,11,2022-10-24 16:03:57,2023-05-15 10:53:12
20069,2620,60,0,30,1,3,15,2022-11-07 15:35:13,2025-09-17 23:15:49
20081,2589,30,0,0,1,24,1,2022-11-10 21:34:32,2025-11-24 22:41:46
20096,510,30,0,0,1,1,1,2022-11-25 18:56:14,2023-05-09 19:39:03
20126,2563,60,0,15,0,52,1,2023-01-25 15:35:00,2023-04-27 19:07:31
20127,2554,30,0,15,1,49,11,2023-01-25 16:55:37,2026-03-06 22:12:29
20131,2620,45,0,15,1,20,10,2023-01-27 01:43:48,2023-01-27 01:51:11
20164,2601,15,1,15,1,21,2,2023-02-16 15:46:43,2024-08-28 19:01:04
20166,2601,15,1,15,1,23,12,2023-02-16 16:03:54,2023-08-14 15:48:38
20188,2625,60,0,30,1,3,11,2023-02-28 18:37:39,2023-09-15 13:59:34
20191,2625,60,0,30,1,1,2,2023-02-28 18:37:39,2026-02-19 15:34:44
20201,2625,60,0,30,1,14,10,2023-02-28 18:37:39,2023-09-15 14:01:24
20205,2625,60,0,30,1,18,10,2023-02-28 18:37:39,2023-09-15 14:04:45
20214,2589,45,0,0,1,27,1,2023-03-07 17:14:48,2025-11-24 22:41:46
20241,2623,60,0,15,1,22,1,2023-03-13 21:04:36,2023-06-02 19:26:25
20252,2623,60,0,15,1,35,1,2023-03-13 21:04:36,2024-06-28 13:51:21
20260,2623,30,0,15,1,42,1,2023-03-13 21:04:37,2023-05-03 21:30:22
20306,2568,15,0,0,1,14,1,2023-03-14 18:20:19,2023-03-23 16:57:21
20308,2568,15,0,0,1,16,1,2023-03-14 18:22:57,2023-03-23 16:58:16
20320,2357,60,0,30,1,40,10,2023-03-16 18:19:49,2026-01-23 19:42:35
20347,2568,30,0,0,1,23,1,2023-03-28 13:43:06,2023-08-23 15:48:27
20353,2601,60,0,15,1,35,2,2023-03-30 00:19:15,2023-06-19 17:55:25
20378,2591,30,0,30,1,2,1,2023-04-17 22:26:22,2023-10-04 15:21:13
20386,2623,60,0,0,1,85,1,2023-04-20 18:03:46,2023-05-03 21:18:20
20392,2627,45,0,30,1,6,5,2023-04-21 13:45:24,2023-07-21 21:23:42
20403,2623,240,0,0,1,90,1,2023-04-24 14:42:21,2023-05-03 21:18:20
20450,2532,45,0,15,1,93,15,2023-05-18 00:30:39,2025-11-25 22:26:20
20462,2624,60,0,0,1,7,15,2023-05-29 14:38:51,2026-03-13 02:42:12
20467,2624,60,0,0,1,16,11,2023-05-29 14:38:51,2026-03-13 02:42:13
20473,2624,90,0,0,1,25,10,2023-05-29 14:38:51,2026-03-13 02:42:16
20478,2624,60,0,0,1,30,3,2023-05-29 14:38:51,2026-03-13 02:42:18
20480,2624,60,0,0,1,9,15,2023-05-29 14:38:51,2026-03-13 02:42:18
20482,2624,60,0,0,1,13,12,2023-05-29 14:38:52,2026-03-13 02:42:19
20492,2608,60,0,30,1,23,2,2023-06-08 13:30:51,2025-10-21 18:53:59
20507,2589,60,0,0,1,29,1,2023-06-22 17:50:08,2025-11-24 22:41:46
20533,2629,60,0,0,1,1,12,2023-07-29 23:20:53,2025-08-20 13:27:16
20537,2629,45,0,0,1,5,6,2023-07-29 23:20:54,2025-08-20 13:38:17
20542,2629,90,0,0,1,10,15,2023-07-29 23:20:54,2025-08-20 13:39:08
20544,2629,90,0,0,1,12,15,2023-07-29 23:20:54,2025-08-20 13:39:26
20547,2629,45,0,0,1,15,11,2023-07-29 23:20:54,2025-08-20 13:41:32
20555,2629,60,0,0,1,23,7,2023-07-29 23:20:54,2025-08-20 13:43:00
20573,2509,60,0,30,0,60,3,2023-08-10 20:52:46,2026-03-31 18:28:37
20579,2509,60,0,30,0,45,3,2023-08-11 19:08:32,2026-02-20 18:36:59
20603,2619,60,0,0,1,71,1,2023-08-18 22:46:14,2026-03-03 17:56:58
20605,2619,60,0,0,1,72,1,2023-08-18 22:47:02,2025-11-26 17:17:53
20607,2619,30,0,0,0,74,1,2023-08-18 22:47:36,2025-02-11 18:32:02
20618,2630,60,0,30,1,1,2,2023-08-29 21:44:11,2024-07-10 14:38:59
20619,2630,30,0,30,1,2,7,2023-08-29 21:44:11,2024-05-14 21:43:53
20623,2630,60,0,30,1,6,11,2023-08-29 21:44:11,2024-05-16 22:47:01
20629,2630,60,0,0,1,12,10,2023-08-29 21:44:12,2023-08-29 21:44:12
20630,2630,60,0,0,1,14,16,2023-08-29 21:44:12,2024-09-13 18:09:32
20631,2630,90,0,0,1,15,10,2023-08-29 21:44:12,2024-09-13 18:09:32
20633,2630,60,0,0,1,17,10,2023-08-29 21:44:12,2024-09-13 18:09:32
20643,2631,60,0,15,1,2,7,2023-08-31 15:09:12,2026-04-06 14:06:06
20645,2631,90,0,15,1,5,7,2023-08-31 15:09:12,2024-12-04 21:12:04
20648,2631,90,0,0,0,21,11,2023-08-31 15:09:12,2025-11-17 17:07:21
20655,2631,60,0,0,1,14,1,2023-08-31 15:09:13,2026-03-30 13:23:07
20664,2631,60,0,0,1,19,11,2023-08-31 15:09:13,2025-12-03 19:55:48
20669,2631,60,0,0,1,15,7,2023-08-31 15:09:13,2025-04-30 21:01:39
20672,2631,90,0,0,1,38,7,2023-08-31 15:09:13,2024-02-14 14:43:14
20673,2631,30,0,30,1,40,7,2023-08-31 15:09:13,2026-05-08 19:51:00
20676,2534,60,0,0,1,14,3,2023-08-31 15:51:48,2023-09-07 13:29:50
20687,2623,420,0,0,1,111,1,2023-09-05 14:38:04,2023-12-18 19:48:30
20694,2632,60,0,0,1,6,11,2023-09-07 01:14:13,2025-04-07 23:05:35
20698,2632,60,0,0,1,9,11,2023-09-07 01:14:13,2025-04-07 23:05:35
20701,2632,90,0,0,1,13,3,2023-09-07 01:14:13,2025-04-07 23:05:35
20702,2632,60,0,0,1,15,3,2023-09-07 01:14:13,2025-04-07 23:05:35
20707,2632,90,0,0,1,23,10,2023-09-07 01:14:13,2025-04-07 23:05:35
20713,2532,45,0,15,1,95,1,2023-09-07 19:05:02,2026-03-17 17:37:51
20715,1592,120,0,30,1,23,1,2023-09-12 01:18:06,2026-04-30 23:33:46
20759,2631,60,0,0,1,44,1,2023-10-05 15:33:08,2024-08-06 15:25:56
20762,2534,60,0,0,1,15,7,2023-10-06 15:58:02,2023-11-22 19:51:10
20767,2556,45,0,30,1,49,10,2023-10-11 18:36:17,2025-06-21 04:54:19
20807,2631,90,0,0,1,35,7,2023-11-03 15:51:35,2025-04-30 20:55:33
20819,2589,30,0,0,1,39,1,2023-11-07 22:01:14,2025-11-24 22:41:46
20859,2624,60,0,0,1,32,1,2023-12-07 13:43:26,2026-01-25 02:01:38
20866,2624,60,0,0,1,36,1,2023-12-08 02:47:57,2026-01-25 02:01:38
20931,2516,60,0,60,1,74,1,2024-01-19 18:07:01,2024-10-23 14:00:47
20949,2637,15,0,0,1,3,1,2024-02-05 18:22:41,2024-02-20 22:36:08
20956,2638,30,0,30,1,2,12,2024-02-08 21:24:25,2025-07-31 21:26:20
20958,2638,90,0,30,1,4,4,2024-02-08 21:27:01,2024-02-20 16:43:27
20965,2638,30,0,0,1,11,11,2024-02-08 21:43:00,2024-02-16 22:06:11
20971,2519,60,0,0,0,3,10,2024-02-09 21:35:40,2024-11-12 15:20:25
20983,2627,60,1,30,1,11,1,2024-02-15 12:03:47,2024-08-13 17:50:45
20988,2627,60,1,30,1,18,1,2024-02-15 12:03:47,2024-06-11 20:20:40
21006,2562,15,0,0,1,18,1,2024-02-28 15:14:00,2026-01-05 16:05:12
21020,2639,45,0,15,1,35,1,2024-03-04 06:59:30,2026-03-02 19:58:34
21023,2639,45,0,15,1,17,1,2024-03-04 06:59:30,2026-03-02 19:58:34
21025,2639,45,0,15,1,8,1,2024-03-04 06:59:30,2026-03-02 19:45:00
21027,2639,45,0,15,1,13,1,2024-03-04 06:59:30,2026-03-02 19:46:45
21037,2558,30,0,0,0,1,1,2024-03-09 01:09:39,2024-10-01 18:18:28
21042,2639,45,0,15,1,34,1,2024-03-12 21:42:13,2026-03-02 19:58:34
21045,2639,45,0,15,1,43,1,2024-03-12 21:58:54,2026-03-02 19:58:34
21078,2623,30,0,0,1,141,1,2024-04-22 13:25:37,2024-08-02 15:50:07
21088,2558,30,0,0,1,4,1,2024-05-02 19:37:52,2024-07-11 20:33:52
21156,2537,60,0,0,1,64,6,2024-05-16 01:49:03,2026-02-03 17:47:01
21178,1131,120,0,30,1,2,1,2024-06-07 17:33:46,2026-05-12 21:46:12
21189,2639,45,0,15,1,15,1,2024-06-27 16:55:36,2026-03-02 19:58:34
21196,2554,45,0,0,1,65,1,2024-07-08 18:46:38,2026-03-06 22:12:29
21211,2623,45,0,0,1,189,1,2024-07-22 16:16:57,2024-07-22 17:00:20
21215,2623,45,0,0,1,193,1,2024-07-22 16:18:57,2024-07-22 17:00:20
21224,2532,30,0,0,1,113,1,2024-07-25 22:04:40,2025-11-25 22:26:20
21230,2510,90,0,0,1,21,10,2024-07-29 22:22:00,2024-10-22 15:21:45
21252,2507,60,0,0,1,13,10,2024-08-08 21:44:10,2025-01-07 15:59:13
21253,2512,90,0,0,1,16,10,2024-08-08 21:46:25,2024-10-22 15:13:50
21256,2512,90,0,0,1,8,15,2024-08-08 21:48:23,2024-10-22 15:11:59
21272,2629,30,0,0,1,26,10,2024-09-09 15:04:51,2025-07-21 15:35:27
21280,2507,90,0,0,1,29,10,2024-09-12 18:10:49,2025-03-18 15:22:47
21294,2510,90,0,0,1,29,3,2024-09-12 18:44:32,2025-03-18 15:22:52
21336,2643,60,0,15,1,17,1,2024-10-02 20:28:03,2025-10-22 18:01:28
21347,2643,45,0,15,0,25,1,2024-10-02 20:28:03,2024-10-17 19:29:14
21367,2468,20,0,0,1,27,1,2024-10-15 19:36:25,2024-12-04 00:52:11
21384,2552,30,0,0,1,52,1,2024-10-21 21:59:11,2024-10-29 13:08:37
21394,2645,60,0,0,1,3,1,2024-10-31 03:19:44,2024-12-02 05:53:35
21430,2521,90,0,0,1,33,1,2024-11-25 18:48:11,2026-05-05 21:30:30
21458,2521,90,0,0,1,37,1,2024-12-19 21:53:33,2026-02-26 15:10:38
21475,2521,60,0,0,1,52,1,2024-12-20 14:07:08,2026-02-26 15:10:38
21479,2521,60,0,0,1,55,1,2024-12-20 14:13:35,2026-02-26 15:10:38
21505,2649,45,0,0,1,12,1,2025-01-08 17:04:56,2025-12-09 01:08:17
21511,2649,30,0,0,1,18,1,2025-01-08 17:04:57,2025-12-03 15:18:56
21519,2624,60,0,30,1,47,11,2025-01-15 02:21:39,2026-05-05 02:05:01
21520,2624,60,0,30,1,49,3,2025-01-15 02:24:18,2026-05-05 02:05:22
21603,2650,60,0,0,1,7,1,2025-03-14 16:24:21,2025-08-13 15:30:35
21641,2650,60,0,0,1,45,1,2025-03-14 16:24:23,2025-06-26 21:59:16
21690,2532,45,0,15,1,124,1,2025-04-11 19:40:01,2025-11-25 22:26:20
21727,2608,60,0,30,1,39,1,2025-05-08 16:46:17,2025-10-21 18:53:59
21729,2608,60,0,30,1,41,1,2025-05-08 16:53:17,2025-10-21 18:53:59
21737,2624,45,0,15,0,55,12,2025-05-09 02:07:13,2025-12-19 03:18:30
21739,2624,60,0,0,1,57,12,2025-05-09 02:24:39,2026-03-13 02:42:27
21762,2624,60,0,0,0,58,12,2025-05-29 02:09:40,2025-12-19 03:19:26
21780,2649,30,0,0,1,32,1,2025-06-03 16:54:32,2025-09-26 14:14:06
21783,2532,60,0,0,1,129,1,2025-06-04 22:32:37,2025-11-25 22:26:20
21821,2589,45,0,0,1,62,1,2025-06-19 17:48:08,2025-07-14 21:13:35
21828,2650,15,0,0,1,47,3,2025-06-23 21:19:12,2025-07-28 16:21:15
21866,2610,30,0,0,1,9,1,2025-07-29 17:55:59,2025-07-29 17:55:59
21876,954,720,0,0,1,35,1,2025-08-07 11:58:05,2026-02-03 17:21:39
21900,2608,60,0,30,1,55,1,2025-08-26 17:09:13,2025-12-01 16:41:57
21902,2608,60,0,30,1,57,1,2025-08-26 17:14:29,2025-12-01 16:41:44
21936,2649,30,0,0,1,62,1,2025-09-26 14:14:08,2025-09-26 14:16:37
21947,2624,30,0,0,1,61,12,2025-10-22 02:10:07,2026-03-13 02:42:28
21957,2589,45,0,0,1,66,1,2025-10-30 16:28:51,2025-12-01 20:33:39
